shopNo,district_code,district_name,transaction_months,total_transactions,total_ration_cards,total_rice,total_wheat,total_sugar,transactions_per_month,transactions_per_ration_card,rice_per_transaction
1421015,538.0,Mahbubnagar,28,5790.0,13825.0,110292.0,0.0,0.0,206.78571428571428,0.41880650994575047,19.048704663212437
1423004,538.0,Mahbubnagar,28,14868.0,12403.0,331739.0,0.0,0.0,531.0,1.1987422397806982,22.312281409739036
1424021,538.0,Mahbubnagar,28,6144.0,17310.0,139108.0,0.0,0.0,219.42857142857142,0.35493934142114386,22.641276041666668
1425022,538.0,Mahbubnagar,28,19817.0,50082.0,431473.0,900.0,0.0,707.75,0.39569106665069287,21.77287177675733
1425027,538.0,Mahbubnagar,28,5440.0,23796.0,177060.0,0.0,0.0,194.28571428571428,0.22860985039502438,32.54779411764706
1425035,538.0,Mahbubnagar,28,6579.0,21634.0,161140.0,553.0,0.0,234.96428571428572,0.3041046500878247,24.493084055327557
1481001,538.0,Mahbubnagar,26,1050.0,15518.0,25084.0,52.0,0.0,40.38461538461539,0.0676633586802423,23.88952380952381
1481003,538.0,Mahbubnagar,28,7593.0,21150.0,176738.0,313.0,352.0,271.17857142857144,0.35900709219858157,23.276438825233768
1481005,538.0,Mahbubnagar,28,6598.0,15503.0,133094.0,400.0,74.0,235.64285714285714,0.4255950461201058,20.17187026371628
1481007,538.0,Mahbubnagar,28,14910.0,43349.0,328389.0,0.0,0.0,532.5,0.34395257099356386,22.024748490945672
1481016,538.0,Mahbubnagar,28,4636.0,12764.0,89759.0,0.0,0.0,165.57142857142858,0.3632090253838922,19.36130284728214
1481023,538.0,Mahbubnagar,28,2266.0,6811.0,47613.0,50.0,199.0,80.92857142857143,0.3326971076200264,21.011915269196823
1481026,538.0,Mahbubnagar,28,1102.0,7137.0,28207.0,503.0,55.0,39.357142857142854,0.15440661342300688,25.596188747731397
1481029,538.0,Mahbubnagar,28,7047.0,22253.0,157332.0,0.0,0.0,251.67857142857142,0.3166764031815935,22.326096211153683
1481030,538.0,Mahbubnagar,28,3047.0,30467.0,67779.0,2749.0,178.0,108.82142857142857,0.10000984671940132,22.244502789629145
1481031,538.0,Mahbubnagar,28,5549.0,15144.0,138750.0,0.0,0.0,198.17857142857142,0.3664157422081352,25.004505316273203
1481032,538.0,Mahbubnagar,28,6702.0,22387.0,150640.0,3047.0,272.0,239.35714285714286,0.29937017018805556,22.47687257535064
1481039,538.0,Mahbubnagar,28,6096.0,14340.0,143006.0,1246.0,88.0,217.71428571428572,0.4251046025104602,23.458989501312335
1481040,538.0,Mahbubnagar,28,3526.0,30754.0,72712.0,3246.0,125.0,125.92857142857143,0.11465175261754569,20.621667612024957
1481049,538.0,Mahbubnagar,28,10748.0,30009.0,239060.0,0.0,0.0,383.85714285714283,0.3581592189009964,22.24227763304801
1481055,538.0,Mahbubnagar,25,929.0,16916.0,19428.0,465.0,54.0,37.16,0.05491842043036179,20.91280947255113
1481058,538.0,Mahbubnagar,28,10321.0,9000.0,204298.0,5444.0,116.0,368.60714285714283,1.1467777777777777,19.794399767464395
1481059,538.0,Mahbubnagar,28,401.0,14957.0,10492.0,0.0,6.0,14.321428571428571,0.02681018920906599,26.164588528678305
1485017,538.0,Mahbubnagar,28,5063.0,12024.0,115163.0,0.0,0.0,180.82142857142858,0.42107451763140386,22.746000395022715
1490007,538.0,Mahbubnagar,28,965.0,6123.0,22290.0,0.0,0.0,34.464285714285715,0.15760248244324676,23.098445595854923
1500004,537.0,Ranga Reddy,28,32506.0,24315.0,682004.0,11598.0,143.0,1160.9285714285713,1.3368702447049146,20.980865071063803
1500005,537.0,Ranga Reddy,28,36314.0,30621.0,807029.0,16256.0,361.0,1296.9285714285713,1.1859181607393618,22.223632758715645
1500006,537.0,Ranga Reddy,28,19196.0,14685.0,418820.0,0.0,21.0,685.5714285714286,1.307184201566224,21.818087101479474
1500007,537.0,Ranga Reddy,28,23769.0,19706.0,548411.0,0.0,84.0,848.8928571428571,1.2061808586217395,23.07253144852539
1500015,537.0,Ranga Reddy,28,46880.0,38786.0,1052239.0,3347.0,92.0,1674.2857142857142,1.2086835456092404,22.445371160409557
1500017,537.0,Ranga Reddy,28,33512.0,26404.0,706499.0,12849.0,317.0,1196.857142857143,1.26920163611574,21.081970637383623
1500019,537.0,Ranga Reddy,28,18679.0,13948.0,421419.0,0.0,52.0,667.1071428571429,1.3391884141095498,22.561111408533648
1500020,537.0,Ranga Reddy,28,17037.0,15180.0,382599.0,0.0,0.0,608.4642857142857,1.1223320158102768,22.456946645536185
1500024,537.0,Ranga Reddy,28,41960.0,31987.0,885766.0,0.0,19.0,1498.5714285714287,1.311782911807922,21.109771210676836
1517004,537.0,Ranga Reddy,28,3403.0,12233.0,82997.0,0.0,154.0,121.53571428571429,0.27818196681108476,24.389362327358214
1517015,537.0,Ranga Reddy,28,32674.0,26974.0,756364.0,0.0,634.0,1166.9285714285713,1.2113145992437162,23.148803329864723
1517021,537.0,Ranga Reddy,28,35016.0,23823.0,811436.0,0.0,317.0,1250.5714285714287,1.4698400705200856,23.17329220927576
1532002,537.0,Ranga Reddy,28,53725.0,45880.0,1205077.0,0.0,0.0,1918.75,1.1709895379250217,22.43046998604002
1532006,537.0,Ranga Reddy,28,20181.0,17204.0,423564.0,2384.0,120.0,720.75,1.1730411532201814,20.98825628066003
1532038,537.0,Ranga Reddy,28,25978.0,19960.0,558430.0,0.0,0.0,927.7857142857143,1.301503006012024,21.496266071291092
1532039,537.0,Ranga Reddy,28,30809.0,20900.0,650476.0,0.0,20.0,1100.3214285714287,1.4741148325358853,21.113181213281834
1533021,537.0,Ranga Reddy,28,14471.0,12881.0,331404.0,0.0,1186.0,516.8214285714286,1.123437621302694,22.9012507774169
1533029,537.0,Ranga Reddy,28,17921.0,15879.0,414578.0,0.0,1146.0,640.0357142857143,1.1285975187354367,23.133642095865188
1533030,537.0,Ranga Reddy,28,20117.0,17454.0,463025.0,0.0,1329.0,718.4642857142857,1.1525724762232152,23.01660287319183
1534002,537.0,Ranga Reddy,28,14029.0,12280.0,307475.0,0.0,931.0,501.0357142857143,1.14242671009772,21.917100292251764
1539003,537.0,Ranga Reddy,28,26621.0,19140.0,570412.0,0.0,384.0,950.75,1.3908568443051201,21.427143984072725
1539013,537.0,Ranga Reddy,28,27888.0,19049.0,573050.0,0.0,0.0,996.0,1.4640138589952227,20.5482644865175
1539024,537.0,Ranga Reddy,28,5845.0,14375.0,132074.0,0.0,0.0,208.75,0.4066086956521739,22.59606501283148
1539053,537.0,Ranga Reddy,28,16751.0,13590.0,341960.0,0.0,0.0,598.25,1.232597498160412,20.41430362366426
1539054,537.0,Ranga Reddy,28,23877.0,20922.0,510282.0,0.0,81.0,852.75,1.1412388872956696,21.37127779871843
1540002,537.0,Ranga Reddy,28,15758.0,13904.0,301341.0,0.0,359.0,562.7857142857143,1.133342922899885,19.123048610229723
1540022,537.0,Ranga Reddy,28,3745.0,9413.0,71293.0,0.0,0.0,133.75,0.3978540316583448,19.036849132176236
1581065,537.0,Ranga Reddy,28,9199.0,24414.0,209511.0,25430.0,110.0,328.5357142857143,0.37679200458753176,22.775410370692466
1581135,537.0,Ranga Reddy,28,12259.0,37580.0,275329.0,3500.0,30.0,437.82142857142856,0.3262107503991485,22.459335998042256
1581313,537.0,Ranga Reddy,28,7203.0,16661.0,134769.0,5851.0,1.0,257.25,0.4323269911770002,18.71012078300708
1581381,537.0,Ranga Reddy,28,9992.0,23162.0,217866.0,15825.0,48.0,356.85714285714283,0.43139625248251445,21.80404323458767
1583057,537.0,Ranga Reddy,28,40821.0,36425.0,913493.0,78113.0,8.0,1457.892857142857,1.1206863417982156,22.378016217143138
1583059,537.0,Ranga Reddy,28,44412.0,37836.0,951524.0,114148.0,0.0,1586.142857142857,1.173802727561053,21.424930199045303
1583199,537.0,Ranga Reddy,28,5652.0,34216.0,133984.0,11230.0,13.0,201.85714285714286,0.1651858779518354,23.705590941259732
1583239,537.0,Ranga Reddy,28,40257.0,34176.0,821631.0,70954.0,24.0,1437.75,1.177931882022472,20.40964304344586
1583401,537.0,Ranga Reddy,28,44864.0,37297.0,958166.0,69280.0,12.0,1602.2857142857142,1.2028849505322143,21.357123751783167
1583620,537.0,Ranga Reddy,28,50744.0,43278.0,1115851.0,136620.0,27.0,1812.2857142857142,1.1725125930033735,21.989811603342268
1583622,537.0,Ranga Reddy,28,34094.0,29226.0,757338.0,89768.0,0.0,1217.642857142857,1.1665640183398345,22.21323400011732
1583630,537.0,Ranga Reddy,28,31366.0,28039.0,652267.0,76427.0,66.0,1120.2142857142858,1.1186561574949179,20.79535165465791
1583631,537.0,Ranga Reddy,28,46833.0,41373.0,1025770.0,131028.0,0.0,1672.607142857143,1.1319701254441303,21.90271816881259
1583632,537.0,Ranga Reddy,28,57349.0,50500.0,1308752.0,174662.0,2512.0,2048.1785714285716,1.1356237623762375,22.82083384191529
1583634,537.0,Ranga Reddy,28,9790.0,23399.0,237310.0,41933.0,60.0,349.64285714285717,0.41839394845933586,24.240040858018386
1583638,537.0,Ranga Reddy,28,17108.0,41752.0,405205.0,18812.0,9.0,611.0,0.409752826211918,23.685118073415946
1585046,537.0,Ranga Reddy,28,5172.0,4500.0,97686.0,10189.0,103.0,184.71428571428572,1.1493333333333333,18.887470997679813
1585087,537.0,Ranga Reddy,28,32651.0,28999.0,693830.0,51980.0,0.0,1166.107142857143,1.1259353770819684,21.24988514900003
1585088,537.0,Ranga Reddy,28,57507.0,38096.0,1155274.0,131323.0,35.0,2053.8214285714284,1.5095285594288115,20.0892760881284
1585089,537.0,Ranga Reddy,28,28112.0,21594.0,567596.0,50807.0,15.0,1004.0,1.3018431045660832,20.190523619806488
1585090,537.0,Ranga Reddy,28,38582.0,33221.0,795204.0,87702.0,825.0,1377.9285714285713,1.1613738298064478,20.610751127468767
1585165,537.0,Ranga Reddy,28,46270.0,35544.0,944418.0,96803.0,764.0,1652.5,1.3017668242178708,20.411022260644046
1585178,537.0,Ranga Reddy,28,40671.0,33954.0,832834.0,85837.0,514.0,1452.5357142857142,1.1978264711079696,20.477342578249857
1585179,537.0,Ranga Reddy,28,26644.0,23248.0,553797.0,62676.0,353.0,951.5714285714286,1.1460770818995183,20.78505479657709
1585182,537.0,Ranga Reddy,28,53514.0,41026.0,1103973.0,126944.0,529.0,1911.2142857142858,1.304392336567055,20.62961094293082
1585197,537.0,Ranga Reddy,28,46458.0,30221.0,944454.0,96550.0,240.0,1659.2142857142858,1.5372754045200356,20.3292005682552
1585267,537.0,Ranga Reddy,28,28275.0,24749.0,600997.0,34810.0,1437.0,1009.8214285714286,1.1424704028445594,21.255419982316536
1585300,537.0,Ranga Reddy,28,28940.0,22372.0,662561.0,79030.0,120.0,1033.5714285714287,1.293581262292151,22.894298548721494
1585310,537.0,Ranga Reddy,28,24985.0,21726.0,519491.0,59859.0,676.0,892.3214285714286,1.1500046027800792,20.792115269161496
1585317,537.0,Ranga Reddy,28,24933.0,19778.0,521223.0,54651.0,414.0,890.4642857142857,1.2606431388411365,20.904945253278786
1585318,537.0,Ranga Reddy,28,26327.0,21829.0,557836.0,60557.0,690.0,940.25,1.2060561638187732,21.18874159608007
1585326,537.0,Ranga Reddy,28,27442.0,24002.0,558869.0,68367.0,205.0,980.0714285714286,1.1433213898841763,20.365461701042197
1585327,537.0,Ranga Reddy,28,39974.0,34666.0,822124.0,94743.0,1584.0,1427.642857142857,1.1531183291986384,20.566468204332818
1585330,537.0,Ranga Reddy,28,32204.0,28846.0,651135.0,64932.0,0.0,1150.142857142857,1.1164112875268668,20.219072164948454
1585331,537.0,Ranga Reddy,28,44281.0,32507.0,909904.0,71744.0,257.0,1581.4642857142858,1.3621989110037838,20.54840676588153
1585334,537.0,Ranga Reddy,28,25501.0,17895.0,504049.0,51206.0,22.0,910.75,1.4250349259569712,19.76585231951688
1585354,537.0,Ranga Reddy,28,50490.0,40684.0,1028529.0,80704.0,451.0,1803.2142857142858,1.2410284141185723,20.370944741532977
1585377,537.0,Ranga Reddy,28,44686.0,33636.0,917586.0,101876.0,741.0,1595.9285714285713,1.3285170650493519,20.534082262901133
1585379,537.0,Ranga Reddy,28,35692.0,25190.0,738521.0,52680.0,686.0,1274.7142857142858,1.4169114728066694,20.691499495685306
1585392,537.0,Ranga Reddy,28,15645.0,12718.0,318186.0,38501.0,20.0,558.75,1.2301462494102846,20.337871524448705
1585393,537.0,Ranga Reddy,28,33590.0,26699.0,671524.0,60803.0,3.0,1199.642857142857,1.258099554290423,19.99178326883001
1585406,537.0,Ranga Reddy,28,49428.0,36154.0,1052790.0,89385.0,211.0,1765.2857142857142,1.3671516291420036,21.29946588977907
1585407,537.0,Ranga Reddy,28,45110.0,29237.0,950845.0,72953.0,160.0,1611.0714285714287,1.5429079590929302,21.07836399911328
1585408,537.0,Ranga Reddy,28,30760.0,22500.0,632850.0,54975.0,46.0,1098.5714285714287,1.3671111111111112,20.573797139141742
1585653,537.0,Ranga Reddy,28,39267.0,32173.0,795606.0,99344.0,531.0,1402.392857142857,1.2204954464924005,20.26144090457636
1585656,537.0,Ranga Reddy,28,37547.0,30708.0,782882.0,92479.0,541.0,1340.9642857142858,1.2227106942816204,20.850720430393906
1585657,537.0,Ranga Reddy,28,31834.0,26843.0,660319.0,72660.0,343.0,1136.9285714285713,1.1859330179190106,20.742570836212852
1585660,537.0,Ranga Reddy,28,35705.0,31372.0,745807.0,89304.0,524.0,1275.1785714285713,1.1381167920438608,20.888026886990616
1585662,537.0,Ranga Reddy,28,44636.0,33385.0,913105.0,115479.0,587.0,1594.142857142857,1.3370076381608507,20.456694148221167
1585665,537.0,Ranga Reddy,28,17398.0,15090.0,356147.0,41313.0,122.0,621.3571428571429,1.1529489728296884,20.470571330037934
1585667,537.0,Ranga Reddy,28,31388.0,26522.0,651469.0,70700.0,722.0,1121.0,1.1834703265213784,20.75535236396075
1585669,537.0,Ranga Reddy,28,30685.0,26520.0,603503.0,47840.0,49.0,1095.892857142857,1.1570512820512822,19.66768779533974
1585670,537.0,Ranga Reddy,28,21152.0,18547.0,433001.0,47111.0,170.0,755.4285714285714,1.1404539817760284,20.47092473524962
1585673,537.0,Ranga Reddy,28,32938.0,26703.0,666647.0,63473.0,425.0,1176.357142857143,1.2334943639291465,20.23944987552371
1585676,537.0,Ranga Reddy,28,12087.0,8005.0,221212.0,24256.0,1.0,431.67857142857144,1.5099312929419113,18.301646396955405
1585677,537.0,Ranga Reddy,28,24793.0,18436.0,497104.0,38479.0,102.0,885.4642857142857,1.3448144933825126,20.05017545274876
1585683,537.0,Ranga Reddy,28,40654.0,25890.0,835102.0,63568.0,191.0,1451.9285714285713,1.5702587871765161,20.541693314311015
1585684,537.0,Ranga Reddy,28,37075.0,25409.0,751762.0,62930.0,237.0,1324.107142857143,1.459128655200913,20.2767902899528
1585685,537.0,Ranga Reddy,28,32449.0,24393.0,680206.0,42100.0,347.0,1158.892857142857,1.330258680769073,20.96231008659743
1585686,537.0,Ranga Reddy,28,34177.0,23156.0,737971.0,45038.0,28.0,1220.607142857143,1.47594575919848,21.592620768352987
1585700,537.0,Ranga Reddy,28,27845.0,22714.0,587439.0,61341.0,950.0,994.4642857142857,1.22589592321916,21.09674986532591
1585702,537.0,Ranga Reddy,28,26744.0,23843.0,550614.0,59228.0,378.0,955.1428571428571,1.1216709306714758,20.58831887526174
1585703,537.0,Ranga Reddy,28,44432.0,34860.0,926041.0,101959.0,493.0,1586.857142857143,1.2745840504876649,20.84175819229384
1585704,537.0,Ranga Reddy,28,42148.0,24641.0,855006.0,56406.0,199.0,1505.2857142857142,1.7104825291181365,20.285802410553288
1585706,537.0,Ranga Reddy,28,37677.0,29036.0,764291.0,88594.0,831.0,1345.607142857143,1.297596087615374,20.28534649786342
1585707,537.0,Ranga Reddy,28,23550.0,19022.0,482981.0,40796.0,428.0,841.0714285714286,1.2380401640206078,20.508747346072187
1585708,537.0,Ranga Reddy,28,34160.0,27192.0,733065.0,73062.0,975.0,1220.0,1.2562518387761106,21.45974824355972
1585709,537.0,Ranga Reddy,28,30583.0,25390.0,616980.0,45635.0,178.0,1092.25,1.2045293422607326,20.17395284962234
1585710,537.0,Ranga Reddy,28,29628.0,23284.0,592631.0,44708.0,239.0,1058.142857142857,1.2724617763270916,20.002396381801
1585711,537.0,Ranga Reddy,28,27114.0,19830.0,565264.0,56702.0,549.0,968.3571428571429,1.36732223903177,20.847680165228294
1585761,537.0,Ranga Reddy,28,18189.0,11961.0,381653.0,26075.0,766.0,649.6071428571429,1.5206922498118887,20.982626862389356
1585762,537.0,Ranga Reddy,28,34813.0,24270.0,690796.0,72913.0,481.0,1243.3214285714287,1.434404614750721,19.843047137563556
1585764,537.0,Ranga Reddy,28,44248.0,38593.0,904854.0,97029.0,4.0,1580.2857142857142,1.146529163319773,20.44960224190924
1585767,537.0,Ranga Reddy,28,24918.0,18287.0,508183.0,49468.0,221.0,889.9285714285714,1.3626073166730464,20.39421301870134
1585770,537.0,Ranga Reddy,28,6065.0,4320.0,113984.0,10949.0,21.0,216.60714285714286,1.4039351851851851,18.79373454245672
1593033,537.0,Ranga Reddy,15,2331.0,9069.0,45390.0,0.0,0.0,155.4,0.257029440952696,19.472329472329474
1596003,537.0,Ranga Reddy,28,32577.0,28425.0,747890.0,0.0,0.0,1163.4642857142858,1.1460686015831134,22.95760812843417
1596009,537.0,Ranga Reddy,28,5736.0,4520.0,120648.0,0.0,0.0,204.85714285714286,1.2690265486725665,21.03347280334728
1596017,537.0,Ranga Reddy,28,30270.0,20245.0,633239.0,0.0,0.0,1081.0714285714287,1.495183996048407,20.919689461513048
1596019,537.0,Ranga Reddy,28,40649.0,27269.0,851648.0,0.0,0.0,1451.75,1.4906670578312369,20.951265713793696
1596020,537.0,Ranga Reddy,28,25944.0,18556.0,554675.0,0.0,0.0,926.5714285714286,1.3981461521879714,21.379702436016036
1596022,537.0,Ranga Reddy,28,29581.0,21702.0,624683.0,0.0,0.0,1056.4642857142858,1.3630540963966455,21.11771069267435
1596035,537.0,Ranga Reddy,28,45988.0,35194.0,1008443.0,0.0,0.0,1642.4285714285713,1.3067000056827869,21.928394363747064
1596036,537.0,Ranga Reddy,28,34188.0,27812.0,725882.0,0.0,0.0,1221.0,1.2292535596145548,21.232069732069732
1596039,537.0,Ranga Reddy,28,23701.0,19692.0,493374.0,0.0,0.0,846.4642857142857,1.2035852122689417,20.816590017298847
1599002,537.0,Ranga Reddy,28,64607.0,45461.0,1395437.0,0.0,0.0,2307.3928571428573,1.4211521963881129,21.598851517637407
1599007,537.0,Ranga Reddy,28,53655.0,42883.0,1083452.0,0.0,0.0,1916.25,1.2511951122822564,20.192936352623242
1599010,537.0,Ranga Reddy,28,53901.0,37081.0,1095478.0,0.0,0.0,1925.0357142857142,1.4536015749305575,20.323890094803435
1599013,537.0,Ranga Reddy,28,49982.0,32947.0,1013374.0,0.0,0.0,1785.0714285714287,1.5170425228397122,20.274778920411347
1599015,537.0,Ranga Reddy,18,28419.0,21209.0,619773.0,0.0,0.0,1578.8333333333333,1.3399500212174078,21.80840282909321
1599017,537.0,Ranga Reddy,16,7157.0,22721.0,178876.0,0.0,0.0,447.3125,0.31499493860305444,24.9931535559592
1599020,537.0,Ranga Reddy,16,24955.0,20439.0,616090.0,0.0,0.0,1559.6875,1.2209501443319144,24.688038469244642
1599023,537.0,Ranga Reddy,16,22829.0,18991.0,450602.0,0.0,0.0,1426.8125,1.2020957295561054,19.73814008497963
1671109,536.0,Hyderabad,28,27265.0,18461.0,636590.0,100787.0,1999.0,973.75,1.4768972428362495,23.34824867045663
1671123,536.0,Hyderabad,28,13446.0,34037.0,331076.0,59056.0,858.0,480.2142857142857,0.39504069101272143,24.62263870295999
1671126,536.0,Hyderabad,28,46377.0,36044.0,1161558.0,174106.0,3410.0,1656.3214285714287,1.2866773942958607,25.045992625654957
1671131,536.0,Hyderabad,28,48494.0,40993.0,1140281.0,102135.0,3585.0,1731.9285714285713,1.1829824604200718,23.513857384418692
1671132,536.0,Hyderabad,28,11865.0,39342.0,267877.0,38639.0,957.0,423.75,0.301586091200244,22.57707543194269
1671140,536.0,Hyderabad,28,21192.0,18284.0,471552.0,63296.0,1207.0,756.8571428571429,1.1590461605775542,22.25141562853907
1671141,536.0,Hyderabad,28,39919.0,31173.0,870902.0,98368.0,2276.0,1425.6785714285713,1.2805633079908896,21.816728875973848
1671142,536.0,Hyderabad,28,23496.0,16321.0,507087.0,51536.0,1107.0,839.1428571428571,1.4396176704858772,21.58184371807967
1671143,536.0,Hyderabad,28,30841.0,21992.0,665545.0,80500.0,1082.0,1101.4642857142858,1.4023735903965078,21.579877435880807
1671144,536.0,Hyderabad,28,24294.0,16325.0,527317.0,58022.0,569.0,867.6428571428571,1.488147013782542,21.705647484975714
1671145,536.0,Hyderabad,28,30287.0,20853.0,624887.0,66950.0,667.0,1081.6785714285713,1.4524049297463195,20.632185426090402
1671146,536.0,Hyderabad,28,33085.0,23365.0,690365.0,87866.0,360.0,1181.607142857143,1.4160068478493473,20.8664047151277
1671149,536.0,Hyderabad,28,40642.0,35883.0,1016277.0,162427.0,1287.0,1451.5,1.1326254772454922,25.005585355051423
1671152,536.0,Hyderabad,28,43679.0,35972.0,1105293.0,178209.0,1741.0,1559.9642857142858,1.2142499722006004,25.30490624785366
1671156,536.0,Hyderabad,28,30225.0,26284.0,787408.0,123546.0,1806.0,1079.4642857142858,1.1499391264647694,26.051546732837057
1671157,536.0,Hyderabad,28,33388.0,26627.0,799814.0,115681.0,2919.0,1192.4285714285713,1.2539151988583017,23.955133580927278
1671158,536.0,Hyderabad,28,8889.0,30695.0,202480.0,35194.0,763.0,317.4642857142857,0.28959113862192537,22.778715266059173
1671161,536.0,Hyderabad,28,35888.0,26183.0,816626.0,135002.0,2403.0,1281.7142857142858,1.3706603521368828,22.754848417298263
1671162,536.0,Hyderabad,28,29450.0,26190.0,734158.0,121709.0,961.0,1051.7857142857142,1.1244749904543718,24.928964346349744
1671169,536.0,Hyderabad,28,46238.0,36002.0,1181581.0,192946.0,989.0,1651.357142857143,1.2843175379145604,25.554327609325664
1671181,536.0,Hyderabad,28,10463.0,40294.0,249800.0,48151.0,349.0,373.67857142857144,0.25966645158088053,23.874605753607952
1671183,536.0,Hyderabad,28,47429.0,37359.0,1226198.0,207542.0,2735.0,1693.892857142857,1.269546829411922,25.85333867465053
1671187,536.0,Hyderabad,28,39893.0,33994.0,978067.0,132180.0,1639.0,1424.75,1.1735306230511267,24.517258666934048
1671194,536.0,Hyderabad,28,44229.0,30259.0,985195.0,115551.0,3854.0,1579.607142857143,1.461680822234707,22.274864907639785
1671196,536.0,Hyderabad,28,13672.0,34031.0,334747.0,58984.0,833.0,488.2857142857143,0.40175134436249305,24.484128145114102
1671199,536.0,Hyderabad,28,42689.0,34791.0,880255.0,106145.0,510.0,1524.607142857143,1.2270127331781209,20.62018318536391
1671205,536.0,Hyderabad,28,43084.0,35971.0,986141.0,123417.0,2707.0,1538.7142857142858,1.1977426260042812,22.888798625940023
1671206,536.0,Hyderabad,28,24494.0,20709.0,541799.0,67037.0,1522.0,874.7857142857143,1.182770775991115,22.119661958030537
1671208,536.0,Hyderabad,28,6037.0,16350.0,138119.0,19073.0,630.0,215.60714285714286,0.3692354740061162,22.878747722378666
1672207,536.0,Hyderabad,28,3022.0,21023.0,65728.0,2780.0,104.0,107.92857142857143,0.14374732435903534,21.749834546657844
1672208,536.0,Hyderabad,28,40820.0,36132.0,960813.0,145156.0,2606.0,1457.857142857143,1.1297464851101517,23.53780009799118
1672233,536.0,Hyderabad,28,20507.0,15958.0,502855.0,72871.0,963.0,732.3928571428571,1.2850607845594686,24.521139123226217
1672238,536.0,Hyderabad,28,14234.0,10276.0,303335.0,39468.0,991.0,508.35714285714283,1.3851693265862204,21.31059435155262
1672240,536.0,Hyderabad,28,36858.0,32856.0,841220.0,119580.0,2919.0,1316.357142857143,1.1218042366691015,22.82326767594552
1672252,536.0,Hyderabad,28,7025.0,26623.0,147301.0,23385.0,657.0,250.89285714285714,0.2638695864478083,20.96811387900356
1672259,536.0,Hyderabad,28,6030.0,18753.0,132349.0,17716.0,595.0,215.35714285714286,0.3215485522316429,21.94842454394693
1672271,536.0,Hyderabad,28,45625.0,35984.0,1152579.0,178105.0,1750.0,1629.4642857142858,1.267924633170298,25.262005479452053
1672277,536.0,Hyderabad,28,40460.0,36263.0,1026925.0,134480.0,184.0,1445.0,1.115737804373604,25.381240731586754
1672279,536.0,Hyderabad,28,35279.0,29967.0,944927.0,128729.0,1543.0,1259.9642857142858,1.177261654486602,26.784404319850335
1672288,536.0,Hyderabad,28,50622.0,39713.0,1249474.0,217142.0,3608.0,1807.9285714285713,1.274695943393851,24.682430563786497
1672305,536.0,Hyderabad,28,14016.0,36151.0,336389.0,46891.0,1110.0,500.57142857142856,0.38770711736881414,24.000356735159816
1672306,536.0,Hyderabad,28,45965.0,36039.0,1253685.0,160063.0,2072.0,1641.607142857143,1.2754238463886345,27.2747742847819
1673301,536.0,Hyderabad,28,34775.0,29448.0,819857.0,122443.0,1252.0,1241.9642857142858,1.1808951371909806,23.5760460100647
1673304,536.0,Hyderabad,28,32123.0,25244.0,709861.0,127128.0,2964.0,1147.25,1.2725003961337347,22.098216231360706
1673318,536.0,Hyderabad,28,32054.0,25124.0,720844.0,124137.0,921.0,1144.7857142857142,1.275831873905429,22.488425781493728
1673346,536.0,Hyderabad,28,11587.0,26444.0,270102.0,56444.0,195.0,413.82142857142856,0.43817122976856754,23.310779321653577
1673362,536.0,Hyderabad,28,20911.0,15280.0,479956.0,88770.0,431.0,746.8214285714286,1.368520942408377,22.95232174453637
1673364,536.0,Hyderabad,28,31532.0,25013.0,674884.0,121078.0,271.0,1126.142857142857,1.2606244752728581,21.403146010402132
1673370,536.0,Hyderabad,28,42482.0,37490.0,1104336.0,186747.0,598.0,1517.2142857142858,1.1331555081355027,25.99538628124853
1673372,536.0,Hyderabad,28,43519.0,37493.0,1084402.0,182865.0,511.0,1554.25,1.1607233350225374,24.917897929639928
1673377,536.0,Hyderabad,28,42828.0,35982.0,1017498.0,171025.0,689.0,1529.5714285714287,1.1902617975654495,23.757775287195294
1673381,536.0,Hyderabad,28,7927.0,26571.0,191724.0,36448.0,206.0,283.10714285714283,0.29833276880809906,24.186199066481645
1673385,536.0,Hyderabad,28,10173.0,23501.0,245232.0,47292.0,158.0,363.32142857142856,0.43287519680013614,24.106163373636097
1673396,536.0,Hyderabad,28,48464.0,39616.0,1183184.0,208853.0,426.0,1730.857142857143,1.2233441033925687,24.41366787718719
1673399,536.0,Hyderabad,28,42407.0,37572.0,1032955.0,179968.0,195.0,1514.5357142857142,1.1286862557223465,24.35812483788054
1674405,536.0,Hyderabad,28,8547.0,30246.0,183816.0,33875.0,891.0,305.25,0.2825828208688752,21.506493506493506
1674411,536.0,Hyderabad,28,19355.0,16330.0,419067.0,76696.0,1028.0,691.25,1.185241886099204,21.651614569878586
1674419,536.0,Hyderabad,28,12240.0,29131.0,261086.0,41466.0,813.0,437.14285714285717,0.4201709519069033,21.330555555555556
1674421,536.0,Hyderabad,28,30338.0,23431.0,631576.0,98853.0,853.0,1083.5,1.2947804191028978,20.81798404641044
1674423,536.0,Hyderabad,28,19358.0,14071.0,413798.0,77351.0,907.0,691.3571428571429,1.3757373321014854,21.376071908254985
1674435,536.0,Hyderabad,28,4478.0,15368.0,93558.0,18031.0,176.0,159.92857142857142,0.2913846954711088,20.892809289861546
1674443,536.0,Hyderabad,28,7993.0,32762.0,170141.0,32970.0,366.0,285.4642857142857,0.24397167450094623,21.286250469160514
1674446,536.0,Hyderabad,28,3185.0,10380.0,68209.0,12898.0,236.0,113.75,0.30684007707129096,21.41569858712716
1674447,536.0,Hyderabad,28,3341.0,12002.0,69775.0,14322.0,289.0,119.32142857142857,0.27837027162139644,20.884465728823706
1674449,536.0,Hyderabad,28,10811.0,32001.0,228470.0,47808.0,597.0,386.10714285714283,0.3378331927127277,21.133105170659512
1674450,536.0,Hyderabad,28,12102.0,32272.0,258405.0,53727.0,487.0,432.2142857142857,0.375,21.35225582548339
1674452,536.0,Hyderabad,28,41854.0,29316.0,989146.0,151258.0,1357.0,1494.7857142857142,1.4276845408650567,23.63324891288766
1674466,536.0,Hyderabad,28,2959.0,17190.0,64539.0,11528.0,251.0,105.67857142857143,0.17213496218731822,21.811084825954715
1674472,536.0,Hyderabad,28,18012.0,14040.0,396092.0,72585.0,584.0,643.2857142857143,1.282905982905983,21.99045081057073
1674474,536.0,Hyderabad,28,4595.0,11615.0,102391.0,21494.0,296.0,164.10714285714286,0.3956091261300043,22.283133841131665
1674478,536.0,Hyderabad,28,6191.0,16290.0,139263.0,26750.0,586.0,221.10714285714286,0.38004910988336404,22.494427394605072
1674480,536.0,Hyderabad,28,4962.0,13360.0,114899.0,23050.0,601.0,177.21428571428572,0.37140718562874253,23.155783958081418
1674486,536.0,Hyderabad,28,35312.0,29011.0,769852.0,147073.0,2218.0,1261.142857142857,1.2171934783358036,21.801427276846397
1674494,536.0,Hyderabad,28,7019.0,25639.0,144042.0,28986.0,265.0,250.67857142857142,0.27376262724755257,20.521726741701098
1674495,536.0,Hyderabad,28,39151.0,35019.0,922234.0,161357.0,1912.0,1398.25,1.1179930894657186,23.555822328931573
1674499,536.0,Hyderabad,28,9453.0,7859.0,217500.0,41885.0,829.0,337.60714285714283,1.2028247868685584,23.008568708346555
1674500,536.0,Hyderabad,28,37703.0,26435.0,892317.0,151553.0,1716.0,1346.5357142857142,1.4262530735766976,23.667002625785745
1675506,536.0,Hyderabad,28,41043.0,27185.0,872287.0,115156.0,916.0,1465.8214285714287,1.5097664153025565,21.253002948127573
1675507,536.0,Hyderabad,28,42803.0,37683.0,1057491.0,184231.0,538.0,1528.6785714285713,1.1358702863360135,24.706001915753568
1675512,536.0,Hyderabad,28,50067.0,36030.0,1221326.0,162404.0,864.0,1788.107142857143,1.3895920066611158,24.393832264765216
1675518,536.0,Hyderabad,28,57084.0,38392.0,1373924.0,195051.0,943.0,2038.7142857142858,1.4868722650552197,24.06846051432976
1675527,536.0,Hyderabad,28,36980.0,32022.0,824300.0,81773.0,1199.0,1320.7142857142858,1.1548310536506152,22.290427257977285
1675537,536.0,Hyderabad,28,9179.0,36236.0,209300.0,30261.0,361.0,327.82142857142856,0.25331162379953637,22.802048153393617
1675550,536.0,Hyderabad,28,12623.0,36367.0,302041.0,58286.0,604.0,450.82142857142856,0.34710039321362773,23.9278301513111
1675553,536.0,Hyderabad,28,25817.0,20803.0,622832.0,112531.0,1548.0,922.0357142857143,1.2410229293851849,24.124878955726846
1675557,536.0,Hyderabad,28,22411.0,19952.0,536920.0,99384.0,998.0,800.3928571428571,1.1232457898957497,23.957877827852393
1675560,536.0,Hyderabad,28,24073.0,20463.0,608191.0,104572.0,809.0,859.75,1.1764159702878365,25.264445644497986
1675562,536.0,Hyderabad,28,26984.0,24072.0,668316.0,116829.0,1267.0,963.7142857142857,1.120970422067132,24.76712125704121
1675563,536.0,Hyderabad,28,15622.0,35914.0,392673.0,71930.0,676.0,557.9285714285714,0.43498357186612463,25.13589809243375
1675565,536.0,Hyderabad,28,27845.0,20660.0,722854.0,108314.0,979.0,994.4642857142857,1.3477734753146176,25.959920991201294
1675567,536.0,Hyderabad,28,27936.0,24992.0,691311.0,104439.0,1001.0,997.7142857142857,1.117797695262484,24.746241408934708
1675575,536.0,Hyderabad,28,7678.0,22142.0,181256.0,34558.0,374.0,274.2142857142857,0.34676181013458585,23.60718937223235
1675576,536.0,Hyderabad,28,18112.0,16083.0,436878.0,79405.0,1048.0,646.8571428571429,1.1261580550892247,24.120914310954063
1675579,536.0,Hyderabad,28,6429.0,25594.0,162429.0,29070.0,319.0,229.60714285714286,0.2511916855513011,25.26504899673355
1675581,536.0,Hyderabad,28,20591.0,17274.0,492323.0,89511.0,858.0,735.3928571428571,1.1920226930647215,23.909620708076343
1675588,536.0,Hyderabad,28,43866.0,38077.0,1078758.0,167438.0,855.0,1566.642857142857,1.1520340362948762,24.592121460812475
1675595,536.0,Hyderabad,28,54255.0,41138.0,1412423.0,192788.0,951.0,1937.6785714285713,1.3188536146628422,26.033047645378307
1675612,536.0,Hyderabad,28,46879.0,32037.0,1041636.0,132001.0,1290.0,1674.25,1.463276836158192,22.21967192132938
1676602,536.0,Hyderabad,28,22568.0,108153.0,467649.0,65919.0,272.0,806.0,0.208667350882546,20.721774193548388
1676623,536.0,Hyderabad,28,6435.0,20985.0,131693.0,14175.0,283.0,229.82142857142858,0.30664760543245173,20.465112665112667
1676632,536.0,Hyderabad,28,25057.0,17053.0,516483.0,38275.0,511.0,894.8928571428571,1.4693602298715769,20.61232390150457
1676645,536.0,Hyderabad,28,23776.0,18519.0,486436.0,74127.0,246.0,849.1428571428571,1.2838706193638965,20.459118438761777
1676647,536.0,Hyderabad,28,22703.0,17586.0,504940.0,74271.0,716.0,810.8214285714286,1.2909700898441943,22.241113509227855
1676650,536.0,Hyderabad,28,21775.0,17080.0,462307.0,73988.0,547.0,777.6785714285714,1.2748829039812646,21.23109070034443
1676678,536.0,Hyderabad,28,24487.0,18719.0,529538.0,54347.0,700.0,874.5357142857143,1.3081361183823923,21.62527055172132
1676679,536.0,Hyderabad,28,26080.0,19387.0,565845.0,88138.0,1801.0,931.4285714285714,1.3452313405890546,21.69651073619632
1676681,536.0,Hyderabad,28,30675.0,24184.0,667188.0,98690.0,1259.0,1095.5357142857142,1.2684005954349984,21.750220048899756
1676688,536.0,Hyderabad,28,28807.0,24289.0,622145.0,104557.0,497.0,1028.8214285714287,1.1860101280415003,21.59700767174645
1676705,536.0,Hyderabad,28,33902.0,26203.0,723085.0,118282.0,2302.0,1210.7857142857142,1.2938213181696752,21.328682673588578
1677709,536.0,Hyderabad,28,49953.0,35528.0,1063599.0,188516.0,1715.0,1784.0357142857142,1.4060177887863095,21.29199447480632
1677724,536.0,Hyderabad,28,49775.0,36761.0,1116794.0,187884.0,1414.0,1777.6785714285713,1.354016484861674,22.436845806127575
1677728,536.0,Hyderabad,28,32023.0,27134.0,684573.0,119199.0,1675.0,1143.6785714285713,1.1801798481609789,21.37754114230397
1677730,536.0,Hyderabad,28,36148.0,32130.0,882525.0,102666.0,990.0,1291.0,1.1250544662309367,24.414213787761426
1677734,536.0,Hyderabad,28,28749.0,25101.0,614890.0,96490.0,1689.0,1026.75,1.1453328552647304,21.38822219903301
1677742,536.0,Hyderabad,28,21510.0,16860.0,457112.0,81821.0,639.0,768.2142857142857,1.2758007117437722,21.2511390051139
1677747,536.0,Hyderabad,28,19594.0,16920.0,435254.0,78175.0,540.0,699.7857142857143,1.1580378250591017,22.213636827600286
1677752,536.0,Hyderabad,28,34766.0,24963.0,744984.0,117981.0,1412.0,1241.642857142857,1.3927011977727035,21.42852211931197
1677756,536.0,Hyderabad,28,42299.0,32100.0,930230.0,113493.0,1746.0,1510.6785714285713,1.3177258566978194,21.99177285515024
1677757,536.0,Hyderabad,28,9636.0,26289.0,196060.0,17663.0,383.0,344.14285714285717,0.3665411388793792,20.34661685346617
1677762,536.0,Hyderabad,28,41384.0,35853.0,879141.0,127880.0,1286.0,1478.0,1.1542688199034947,21.243499903344286
1677769,536.0,Hyderabad,28,29945.0,26283.0,653432.0,107131.0,1645.0,1069.4642857142858,1.1393296046874406,21.82107196526966
1677772,536.0,Hyderabad,28,9981.0,26326.0,217644.0,35627.0,634.0,356.4642857142857,0.3791308972118818,21.805831079050197
1677776,536.0,Hyderabad,28,46226.0,33834.0,971152.0,158791.0,1552.0,1650.9285714285713,1.3662587929301886,21.00878293601004
1677789,536.0,Hyderabad,28,30726.0,26277.0,640155.0,100395.0,996.0,1097.357142857143,1.1693115652471744,20.834309705135716
1677797,536.0,Hyderabad,28,43884.0,35809.0,924780.0,143786.0,1804.0,1567.2857142857142,1.2255019687787987,21.07328411266065
1677804,536.0,Hyderabad,28,44883.0,34613.0,972226.0,165378.0,1174.0,1602.9642857142858,1.2967093288648774,21.661341710669966
1677806,536.0,Hyderabad,28,43103.0,34788.0,928958.0,150532.0,1879.0,1539.392857142857,1.2390192020236863,21.552049741317308
1677808,536.0,Hyderabad,28,37366.0,32024.0,816747.0,142491.0,1521.0,1334.5,1.1668123907069698,21.85802601295295
1677815,536.0,Hyderabad,28,46439.0,35966.0,973944.0,133287.0,1600.0,1658.5357142857142,1.2911916810320858,20.972544628437305
1677817,536.0,Hyderabad,28,37904.0,30186.0,870667.0,140700.0,1193.0,1353.7142857142858,1.2556814417279534,22.97031975517096
1677822,536.0,Hyderabad,28,42199.0,35972.0,902934.0,152095.0,1777.0,1507.107142857143,1.1731068608918047,21.39704732339629
1677825,536.0,Hyderabad,28,39812.0,34081.0,888475.0,130524.0,613.0,1421.857142857143,1.1681582113200903,22.316763789812118
1678824,536.0,Hyderabad,28,13021.0,29945.0,282058.0,50725.0,800.0,465.0357142857143,0.43483052262481214,21.661777129252744
1678834,536.0,Hyderabad,28,10094.0,25770.0,199810.0,38057.0,429.0,360.5,0.39169577027551417,19.79492767980979
1678838,536.0,Hyderabad,28,13155.0,40337.0,276363.0,54820.0,614.0,469.82142857142856,0.32612737685003845,21.008209806157353
1678851,536.0,Hyderabad,28,24031.0,21224.0,531664.0,77792.0,2346.0,858.25,1.1322559366754616,22.124089717448296
1678859,536.0,Hyderabad,28,43777.0,38463.0,957817.0,148000.0,3730.0,1563.4642857142858,1.1381587499675012,21.87945724924047
1678863,536.0,Hyderabad,28,40435.0,36007.0,873182.0,146317.0,1892.0,1444.107142857143,1.1229760879828923,21.594707555335724
1678873,536.0,Hyderabad,28,29742.0,24982.0,626605.0,108530.0,2465.0,1062.2142857142858,1.1905371867744776,21.068018290632775
1678882,536.0,Hyderabad,28,21668.0,17342.0,445838.0,53600.0,814.0,773.8571428571429,1.2494521969784338,20.575872254015138
1678902,536.0,Hyderabad,28,12959.0,35550.0,275974.0,35483.0,653.0,462.82142857142856,0.36452883263009844,21.295933328188905
1679905,536.0,Hyderabad,28,38060.0,28461.0,837559.0,98100.0,2645.0,1359.2857142857142,1.3372685429183795,22.006279558591697
1679908,536.0,Hyderabad,28,28686.0,23046.0,642046.0,43800.0,2001.0,1024.5,1.2447279354334808,22.38185874642683
1679909,536.0,Hyderabad,28,42048.0,29490.0,988780.0,136265.0,2124.0,1501.7142857142858,1.4258392675483214,23.515506088280063
1679935,536.0,Hyderabad,28,40474.0,35902.0,852267.0,119270.0,3201.0,1445.5,1.127346665923904,21.057147798586747
1679937,536.0,Hyderabad,28,15646.0,36072.0,339104.0,55153.0,1006.0,558.7857142857143,0.43374362386338433,21.67352678000767
1679938,536.0,Hyderabad,28,8414.0,22481.0,177440.0,25465.0,376.0,300.5,0.3742716071349139,21.08866175421916
1679952,536.0,Hyderabad,28,14121.0,36016.0,316991.0,20755.0,1359.0,504.32142857142856,0.39207574411372725,22.448197719708237
1679987,536.0,Hyderabad,28,31501.0,23664.0,681681.0,87959.0,1586.0,1125.0357142857142,1.3311781609195403,21.63997968318466
1679991,536.0,Hyderabad,28,24654.0,21691.0,534216.0,87654.0,1298.0,880.5,1.136600433359458,21.66853248965685
1705029,535.0,Medak,28,2623.0,9715.0,60265.0,0.0,0.0,93.67857142857143,0.2699948533196089,22.97560045749142
1706028,535.0,Medak,28,4116.0,10414.0,76537.0,0.0,0.0,147.0,0.39523718071826386,18.594995140913507
1707029,535.0,Medak,28,2905.0,9127.0,61024.0,0.0,0.0,103.75,0.31828640298016875,21.006540447504303
1708022,535.0,Medak,28,17929.0,13765.0,396642.0,0.0,176.0,640.3214285714286,1.3025063567017798,22.122929332366557
1708027,535.0,Medak,28,1790.0,5093.0,44109.0,0.0,0.0,63.92857142857143,0.35146279206754366,24.641899441340783
1723035,535.0,Medak,28,21660.0,16167.0,435128.0,0.0,0.0,773.5714285714286,1.339766190387827,20.089012003693444
1784018,535.0,Medak,28,6369.0,15287.0,129082.0,0.0,17.0,227.46428571428572,0.41662850788251454,20.267231904537603
1784019,535.0,Medak,28,12625.0,11215.0,268241.0,0.0,37.0,450.89285714285717,1.125724476148016,21.24681188118812
1784020,535.0,Medak,28,15174.0,13483.0,320024.0,0.0,0.0,541.9285714285714,1.1254171920195801,21.09028601555292
1807017,533.0,Nizamabad,28,22013.0,16225.0,418346.0,0.0,0.0,786.1785714285714,1.35673343605547,19.004497342479443
1881008,533.0,Nizamabad,28,5458.0,4659.0,113615.0,0.0,0.0,194.92857142857142,1.1714960291908134,20.816233052400147
1881086,533.0,Nizamabad,28,5573.0,16680.0,110378.0,0.0,0.0,199.03571428571428,0.3341127098321343,19.805849632155034
1882502,533.0,Nizamabad,28,24495.0,21934.0,596034.0,0.0,0.0,874.8214285714286,1.1167593690161393,24.332884262094304
1882506,533.0,Nizamabad,28,13874.0,10800.0,308547.0,0.0,0.0,495.5,1.2846296296296296,22.23922444860891
1882508,533.0,Nizamabad,28,5910.0,14196.0,138802.0,0.0,6.0,211.07142857142858,0.4163144547759932,23.48595600676819
1882517,533.0,Nizamabad,9,1928.0,12000.0,43396.0,0.0,0.0,214.22222222222223,0.16066666666666668,22.508298755186722
1882561,533.0,Nizamabad,22,4139.0,20431.0,98002.0,0.0,0.0,188.13636363636363,0.2025843081591699,23.677699927518724
1882566,533.0,Nizamabad,28,20963.0,18026.0,487618.0,0.0,0.0,748.6785714285714,1.1629313214246089,23.260888231646234
1882567,533.0,Nizamabad,28,19531.0,16289.0,441279.0,0.0,0.0,697.5357142857143,1.1990300202590705,22.593774000307203
1906007,532.0,Adilabad,28,23674.0,21077.0,516972.0,0.0,131.0,845.5,1.1232148787778147,21.837120892117934
1909003,532.0,Adilabad,28,23413.0,20894.0,541441.0,0.0,0.0,836.1785714285714,1.1205609265817937,23.125656686456242
1911011,532.0,Adilabad,28,2247.0,6549.0,50555.0,0.0,6.0,80.25,0.34310581768208886,22.49888740542946
1926003,532.0,Adilabad,28,26000.0,22830.0,607927.0,0.0,267.0,928.5714285714286,1.1388523872098117,23.381807692307692
1926030,532.0,Adilabad,28,7712.0,21602.0,195445.0,0.0,0.0,275.42857142857144,0.3570039811128599,25.342971991701244
1981002,532.0,Adilabad,28,23461.0,18474.0,517714.0,0.0,0.0,837.8928571428571,1.2699469524737468,22.067004816503985
1981008,532.0,Adilabad,28,23905.0,19787.0,514803.0,0.0,0.0,853.75,1.2081164400869258,21.535369169629785
1981011,532.0,Adilabad,28,14708.0,12675.0,311769.0,0.0,0.0,525.2857142857143,1.1603944773175543,21.197239597497962
1981012,532.0,Adilabad,28,20652.0,14854.0,423583.0,0.0,0.0,737.5714285714286,1.3903325703514204,20.5105074569049
1981022,532.0,Adilabad,28,19542.0,16490.0,387684.0,0.0,0.0,697.9285714285714,1.1850818677986659,19.838501688670554
1981025,532.0,Adilabad,28,23596.0,17396.0,476087.0,0.0,0.0,842.7142857142857,1.3564037709818348,20.176597728428547
1981026,532.0,Adilabad,28,23145.0,19357.0,472204.0,0.0,0.0,826.6071428571429,1.1956914811179418,20.40198747029596
1981035,532.0,Adilabad,28,30117.0,26305.0,622339.0,0.0,0.0,1075.607142857143,1.1449154153202814,20.664043563435932
2033204,534.0,Karimnagar,28,6322.0,16101.0,120863.0,0.0,1.0,225.78571428571428,0.3926464194770511,19.11784245491933
2048602,534.0,Karimnagar,28,892.0,12720.0,18504.0,0.0,0.0,31.857142857142858,0.07012578616352201,20.744394618834082
2060010,534.0,Karimnagar,28,13215.0,10983.0,244638.0,0.0,0.0,471.9642857142857,1.2032231630701995,18.512145289443815
2060024,534.0,Karimnagar,28,16176.0,14024.0,324175.0,0.0,0.0,577.7142857142857,1.1534512264689105,20.040492087042534
2060025,534.0,Karimnagar,28,16539.0,13981.0,331209.0,0.0,0.0,590.6785714285714,1.182962592089264,20.02593869036822
2060034,534.0,Karimnagar,28,12803.0,11016.0,241400.0,0.0,0.0,457.25,1.1622185911401597,18.854955869718037
2084102,534.0,Karimnagar,28,20419.0,17689.0,423110.0,0.0,0.0,729.25,1.1543332014246142,20.721386943532984
2084105,534.0,Karimnagar,28,34083.0,29202.0,689496.0,0.0,0.0,1217.25,1.1671460858845284,20.22990933896664
2084116,534.0,Karimnagar,28,21289.0,14688.0,430869.0,0.0,41.0,760.3214285714286,1.4494144880174291,20.239043637559302
2084118,534.0,Karimnagar,28,24700.0,21265.0,513414.0,0.0,0.0,882.1428571428571,1.1615330355043498,20.78599190283401
2084119,534.0,Karimnagar,28,33825.0,29592.0,655567.0,0.0,70.0,1208.0357142857142,1.143045417680454,19.381138211382115
2084122,534.0,Karimnagar,28,36355.0,29814.0,717567.0,0.0,30.0,1298.392857142857,1.219393573488965,19.737780222802915
2084128,534.0,Karimnagar,28,6419.0,20644.0,129898.0,0.0,118.0,229.25,0.31093780275140476,20.236485433868204
2084134,534.0,Karimnagar,28,34367.0,28122.0,691316.0,0.0,0.0,1227.392857142857,1.222068131711827,20.11569237931737
2084135,534.0,Karimnagar,28,21718.0,18929.0,426048.0,0.0,0.0,775.6428571428571,1.1473400602250514,19.61727599226448
2084139,534.0,Karimnagar,28,36090.0,26570.0,707240.0,0.0,0.0,1288.9285714285713,1.3582988332706059,19.596564145192573
2084140,534.0,Karimnagar,28,28966.0,17892.0,565284.0,0.0,95.0,1034.5,1.6189358372456963,19.515431885659048
2084141,534.0,Karimnagar,28,31433.0,26932.0,682477.0,0.0,0.0,1122.607142857143,1.1671246101292143,21.71211783794102
2084142,534.0,Karimnagar,28,31184.0,26200.0,624727.0,0.0,0.0,1113.7142857142858,1.1902290076335877,20.033574910210366
2084147,534.0,Karimnagar,28,41048.0,29923.0,806291.0,0.0,0.0,1466.0,1.3717875881429,19.642637887351395
2084148,534.0,Karimnagar,28,23218.0,16827.0,451621.0,0.0,0.0,829.2142857142857,1.3798062637427944,19.45133086398484
2084150,534.0,Karimnagar,28,29593.0,26255.0,595704.0,0.0,140.0,1056.892857142857,1.1271376880594173,20.129895583414996
2084151,534.0,Karimnagar,28,32488.0,25439.0,645694.0,0.0,0.0,1160.2857142857142,1.277094225401942,19.874846097020438
2084153,534.0,Karimnagar,28,33998.0,26128.0,664108.0,0.0,50.0,1214.2142857142858,1.3012094304960196,19.53373727866345
2084155,534.0,Karimnagar,28,30936.0,26589.0,649271.0,0.0,270.0,1104.857142857143,1.1634886607243597,20.987554952159297
2084157,534.0,Karimnagar,28,40356.0,26995.0,796083.0,0.0,98.0,1441.2857142857142,1.4949435080570477,19.726509069283377
2084158,534.0,Karimnagar,28,34938.0,26138.0,689852.0,0.0,0.0,1247.7857142857142,1.336674573418012,19.745034060335453
2084161,534.0,Karimnagar,28,35942.0,26724.0,696548.0,0.0,0.0,1283.642857142857,1.3449333932046101,19.379778532079463
2084165,534.0,Karimnagar,28,17734.0,12935.0,382972.0,0.0,0.0,633.3571428571429,1.3710088906068805,21.595353558136914
2084171,534.0,Karimnagar,28,15736.0,13144.0,305715.0,0.0,0.0,562.0,1.1972002434570908,19.42774529740722
2084172,534.0,Karimnagar,28,14896.0,12943.0,289622.0,0.0,0.0,532.0,1.1508923742563548,19.44293770139635
2084173,534.0,Karimnagar,28,14969.0,13018.0,303604.0,0.0,0.0,534.6071428571429,1.1498694115839607,20.282183178569042
2084176,534.0,Karimnagar,28,17635.0,13148.0,335791.0,0.0,0.0,629.8214285714286,1.3412686340127775,19.041168131556564
2109023,540.0,Hanumakonda,28,3374.0,13591.0,64876.0,0.0,0.0,120.5,0.24825252005003312,19.228215767634854
2155006,540.0,Hanumakonda,27,4642.0,17514.0,94622.0,0.0,0.0,171.92592592592592,0.2650451067717255,20.38388625592417
2155018,540.0,Hanumakonda,6,1191.0,15428.0,24850.0,0.0,0.0,198.5,0.07719730360383718,20.864819479429052
2155029,540.0,Hanumakonda,28,4019.0,14535.0,79781.0,0.0,26.0,143.53571428571428,0.2765049879600963,19.850957949738742
2162019,540.0,Hanumakonda,28,5509.0,12612.0,108508.0,0.0,0.0,196.75,0.43680621630193467,19.696496641858776
2223030,541.0,Khammam,28,3982.0,9346.0,68091.0,0.0,0.0,142.21428571428572,0.42606462657821526,17.09969864389754
2223031,541.0,Khammam,28,11399.0,10155.0,219797.0,0.0,66.0,407.10714285714283,1.1225012309207287,19.282130011404508
2230004,541.0,Khammam,28,19055.0,16829.0,334116.0,0.0,242.0,680.5357142857143,1.1322716738962506,17.534295460509053
2230009,541.0,Khammam,28,21278.0,17849.0,372295.0,0.0,220.0,759.9285714285714,1.1921116028909182,17.49671021712567
2230029,541.0,Khammam,28,3960.0,12486.0,62816.0,0.0,25.0,141.42857142857142,0.31715521383950024,15.862626262626263
2235008,541.0,Khammam,28,19243.0,16605.0,367542.0,0.0,408.0,687.25,1.1588678109003312,19.100036376864313
2235025,541.0,Khammam,28,4834.0,13552.0,90748.0,0.0,66.0,172.64285714285714,0.3567001180637544,18.772858916011586
2237021,541.0,Khammam,28,4339.0,13243.0,87926.0,0.0,0.0,154.96428571428572,0.32764479347579856,20.264116155796266
2281005,541.0,Khammam,28,20748.0,16482.0,399042.0,0.0,91.0,741.0,1.2588278121587186,19.232793522267208
2281038,541.0,Khammam,28,43609.0,36859.0,820364.0,0.0,312.0,1557.4642857142858,1.1831303073876123,18.81180490265771
2281041,541.0,Khammam,23,3264.0,10776.0,61819.0,0.0,64.0,141.91304347826087,0.3028953229398664,18.93964460784314
2281055,541.0,Khammam,28,20273.0,17454.0,404451.0,0.0,314.0,724.0357142857143,1.1615102555288186,19.950229369111625
2281100,541.0,Khammam,28,8621.0,7179.0,155669.0,0.0,15.0,307.89285714285717,1.2008636300320379,18.056953949657814
2281104,541.0,Khammam,28,2317.0,7678.0,40007.0,0.0,0.0,82.75,0.3017712946079708,17.266724212343547
2281105,541.0,Khammam,28,6555.0,4728.0,120746.0,0.0,20.0,234.10714285714286,1.3864213197969544,18.42044241037376
2281106,541.0,Khammam,28,12906.0,11130.0,253488.0,0.0,195.0,460.92857142857144,1.1595687331536388,19.641097164109716
2323025,539.0,Nalgonda,28,6161.0,15509.0,127007.0,0.0,0.0,220.03571428571428,0.3972532078148172,20.614672942704107
2324016,539.0,Nalgonda,28,6430.0,15612.0,127976.0,0.0,27.0,229.64285714285714,0.4118626697412247,19.902954898911354
2335004,539.0,Nalgonda,28,3148.0,13092.0,68800.0,0.0,0.0,112.42857142857143,0.2404521845401772,21.855146124523507
2337024,539.0,Nalgonda,28,1382.0,4121.0,29114.0,0.0,0.0,49.357142857142854,0.335355496238777,21.06657018813314
2340043,539.0,Nalgonda,28,2578.0,9214.0,46004.0,0.0,26.0,92.07142857142857,0.27979162144562625,17.844840961986037
2341001,539.0,Nalgonda,28,7010.0,16303.0,134459.0,0.0,0.0,250.35714285714286,0.42998221186284735,19.18102710413695
2350026,539.0,Nalgonda,28,4413.0,10174.0,80157.0,0.0,13.0,157.60714285714286,0.4337527029683507,18.163834126444595
2350028,539.0,Nalgonda,28,2478.0,10635.0,52526.0,0.0,0.0,88.5,0.23300423131170664,21.196933010492334
2354019,539.0,Nalgonda,28,1955.0,10304.0,37422.0,0.0,23.0,69.82142857142857,0.18973214285714285,19.141687979539643
2356016,539.0,Nalgonda,28,2518.0,7302.0,49221.0,0.0,16.0,89.92857142857143,0.34483703095042456,19.54765687053217
2356028,539.0,Nalgonda,28,5566.0,13140.0,111848.0,0.0,33.0,198.78571428571428,0.42359208523592085,20.09486166007905
2357005,539.0,Nalgonda,28,8702.0,7684.0,184883.0,0.0,295.0,310.7857142857143,1.1324830817282665,21.246035394162263
2357014,539.0,Nalgonda,28,8653.0,5420.0,172304.0,0.0,104.0,309.0357142857143,1.5964944649446495,19.912631457298048
2357052,539.0,Nalgonda,28,5539.0,13526.0,107125.0,0.0,42.0,197.82142857142858,0.40950761496377347,19.340133598122407
2358003,539.0,Nalgonda,28,4277.0,10952.0,84946.0,0.0,0.0,152.75,0.39052227903579256,19.861117605798455
2358007,539.0,Nalgonda,28,5900.0,14474.0,114132.0,0.0,0.0,210.71428571428572,0.40762746994611027,19.344406779661018
2358009,539.0,Nalgonda,27,3709.0,8616.0,68940.0,0.0,0.0,137.37037037037038,0.43047818012999073,18.58722027500674
2358010,539.0,Nalgonda,28,3183.0,9881.0,56456.0,0.0,0.0,113.67857142857143,0.32213338730897684,17.736726358781024
2358012,539.0,Nalgonda,27,412.0,8145.0,9437.0,0.0,0.0,15.25925925925926,0.05058317986494782,22.905339805825243
2358016,539.0,Nalgonda,28,5537.0,13066.0,107946.0,0.0,0.0,197.75,0.42377162100107146,19.4953946180242
2358029,539.0,Nalgonda,28,5973.0,15339.0,115070.0,0.0,0.0,213.32142857142858,0.38939956972423234,19.26502595010882
2359002,539.0,Nalgonda,28,2655.0,6608.0,59896.0,0.0,0.0,94.82142857142857,0.4017857142857143,22.55969868173258
2359015,539.0,Nalgonda,28,3852.0,9376.0,84882.0,0.0,20.0,137.57142857142858,0.4108361774744027,22.03582554517134
2359016,539.0,Nalgonda,28,2660.0,6688.0,53441.0,0.0,41.0,95.0,0.3977272727272727,20.090601503759398
2359017,539.0,Nalgonda,28,2051.0,4848.0,45094.0,0.0,10.0,73.25,0.42306105610561057,21.986348122866893
2359032,539.0,Nalgonda,28,2609.0,6194.0,57114.0,0.0,3.0,93.17857142857143,0.4212140781401356,21.891146032962823
2359048,539.0,Nalgonda,27,4107.0,11070.0,85958.0,0.0,14.0,152.11111111111111,0.3710027100271003,20.92963233503774
2382001,539.0,Nalgonda,27,4250.0,18892.0,83910.0,0.0,101.0,157.40740740740742,0.22496294727927166,19.743529411764705
2382005,539.0,Nalgonda,28,3361.0,14892.0,66176.0,0.0,147.0,120.03571428571429,0.22569164652162235,19.68937816126153
2382006,539.0,Nalgonda,28,3576.0,26175.0,71690.0,0.0,117.0,127.71428571428571,0.1366189111747851,20.04753914988814
2382013,539.0,Nalgonda,28,33677.0,26337.0,676808.0,0.0,706.0,1202.75,1.2786953715305465,20.097039522522792
2382016,539.0,Nalgonda,28,6462.0,15360.0,121933.0,0.0,22.0,230.78571428571428,0.420703125,18.869235530795418
2382017,539.0,Nalgonda,28,2951.0,11960.0,62512.0,0.0,66.0,105.39285714285714,0.2467391304347826,21.18332768553033
2382018,539.0,Nalgonda,28,20279.0,18130.0,399678.0,0.0,36.0,724.25,1.1185328185328185,19.708960007889935
2382019,539.0,Nalgonda,28,16468.0,13880.0,333428.0,0.0,319.0,588.1428571428571,1.1864553314121038,20.247024532426526
2382020,539.0,Nalgonda,28,32200.0,27922.0,634330.0,0.0,123.0,1150.0,1.1532125205930808,19.69968944099379
2382024,539.0,Nalgonda,28,18648.0,14270.0,381244.0,0.0,405.0,666.0,1.3067974772249475,20.444229944229946
2382041,539.0,Nalgonda,26,6486.0,18201.0,124080.0,0.0,165.0,249.46153846153845,0.3563540464809626,19.130434782608695
2383009,539.0,Nalgonda,28,18022.0,15807.0,370776.0,0.0,371.0,643.6428571428571,1.1401277914847852,20.573521251803353
2383027,539.0,Nalgonda,28,26945.0,21071.0,558315.0,0.0,513.0,962.3214285714286,1.2787717716292535,20.72054184449805
2383032,539.0,Nalgonda,28,4476.0,17036.0,95922.0,0.0,131.0,159.85714285714286,0.26273773186193944,21.43029490616622
2383034,539.0,Nalgonda,28,23909.0,20251.0,517023.0,0.0,461.0,853.8928571428571,1.18063305515777,21.624618344556442
2383037,539.0,Nalgonda,28,29279.0,22012.0,585497.0,0.0,288.0,1045.6785714285713,1.3301381064873705,19.997165203729637
2383038,539.0,Nalgonda,28,23645.0,19329.0,472523.0,0.0,293.0,844.4642857142857,1.2232914273888975,19.984055825755974
2383044,539.0,Nalgonda,28,24619.0,19418.0,499574.0,0.0,395.0,879.25,1.2678442682047584,20.292213331166984
2383045,539.0,Nalgonda,28,31073.0,25887.0,626206.0,0.0,405.0,1109.75,1.2003322130799243,20.152737102951114
2383049,539.0,Nalgonda,28,8487.0,20750.0,173331.0,0.0,30.0,303.10714285714283,0.4090120481927711,20.423117709437964
2383052,539.0,Nalgonda,28,24959.0,22295.0,516402.0,0.0,466.0,891.3928571428571,1.1194886745907153,20.69001161905525
2383055,539.0,Nalgonda,28,32559.0,27199.0,642795.0,0.0,397.0,1162.8214285714287,1.1970660686054635,19.742467520501243
2383058,539.0,Nalgonda,28,39929.0,26601.0,803231.0,0.0,418.0,1426.0357142857142,1.5010337957219653,20.11648175511533
2388013,539.0,Nalgonda,28,2276.0,7144.0,44713.0,0.0,3.0,81.28571428571429,0.31858902575587905,19.645430579964852
2388014,539.0,Nalgonda,28,2307.0,7464.0,49488.0,0.0,15.0,82.39285714285714,0.3090836012861736,21.451235370611183
2388021,539.0,Nalgonda,28,4286.0,13004.0,91896.0,0.0,0.0,153.07142857142858,0.32959089510919715,21.44097060195987
2388022,539.0,Nalgonda,28,6201.0,15181.0,136079.0,0.0,103.0,221.46428571428572,0.4084711152098017,21.944686340912757
2389004,539.0,Nalgonda,28,20648.0,17292.0,433141.0,0.0,132.0,737.4285714285714,1.1940781864445986,20.97738279736536
2389010,539.0,Nalgonda,28,2837.0,7832.0,68336.0,0.0,47.0,101.32142857142857,0.36223186925434114,24.087416284807897
2389012,539.0,Nalgonda,28,2941.0,10227.0,59169.0,0.0,0.0,105.03571428571429,0.28757211303412533,20.1186671200272
2389014,539.0,Nalgonda,28,5060.0,11528.0,113801.0,0.0,63.0,180.71428571428572,0.4389312977099237,22.490316205533595
2389016,539.0,Nalgonda,28,5721.0,18862.0,123167.0,0.0,35.0,204.32142857142858,0.3033082387869791,21.528928509001922
2404014,921.0,Kumarambheem Asifabad,28,4163.0,10192.0,93468.0,0.0,0.0,148.67857142857142,0.40845761381475665,22.45207782848907
2501027,922.0,Jayashankar Bhupalpalli,28,4788.0,13320.0,90615.0,0.0,8.0,171.0,0.35945945945945945,18.92543859649123
2511001,922.0,Jayashankar Bhupalpalli,28,6521.0,15819.0,140529.0,0.0,0.0,232.89285714285714,0.41222580441241546,21.55022235853397
2520032,922.0,Jayashankar Bhupalpalli,28,4618.0,12574.0,86242.0,0.0,0.0,164.92857142857142,0.36726578654366154,18.67518406236466
2603035,923.0,Jogulamba Gadwal,28,22128.0,19645.0,465238.0,4650.0,331.0,790.2857142857143,1.1263934843471621,21.0248553868402
2603049,923.0,Jogulamba Gadwal,28,34454.0,27628.0,713826.0,10411.0,151.0,1230.5,1.2470681916895903,20.718233006327278
2702013,924.0,Jagityal,28,6959.0,17356.0,126776.0,0.0,4.0,248.53571428571428,0.4009564415764001,18.21755999425205
2706004,924.0,Jagityal,28,4911.0,11731.0,98349.0,0.0,0.0,175.39285714285714,0.4186343875202455,20.02626756261454
2706005,924.0,Jagityal,28,28480.0,23005.0,540418.0,0.0,0.0,1017.1428571428571,1.2379917409258856,18.975351123595505
2706010,924.0,Jagityal,28,23058.0,19961.0,473217.0,0.0,0.0,823.5,1.1551525474675617,20.52289877699714
2706012,924.0,Jagityal,28,28649.0,25221.0,548391.0,0.0,0.0,1023.1785714285714,1.13591848063122,19.141715243114945
2706013,924.0,Jagityal,28,4253.0,11998.0,87214.0,0.0,0.0,151.89285714285714,0.3544757459576596,20.50646602398307
2706049,924.0,Jagityal,28,4546.0,11567.0,82783.0,0.0,0.0,162.35714285714286,0.3930146105299559,18.210074791025075
2706057,924.0,Jagityal,28,27803.0,22832.0,514777.0,0.0,0.0,992.9642857142857,1.2177207428170989,18.515160234507068
2714047,924.0,Jagityal,28,5278.0,12339.0,99587.0,0.0,0.0,188.5,0.4277494124321258,18.868321333838576
2717012,924.0,Jagityal,28,5287.0,13573.0,102601.0,0.0,0.0,188.82142857142858,0.3895233183526118,19.406279553622092
2801004,925.0,Janagaon,28,4869.0,13411.0,97877.0,0.0,36.0,173.89285714285714,0.3630601744836328,20.102074347915384
2801028,925.0,Janagaon,28,4603.0,11430.0,87043.0,0.0,39.0,164.39285714285714,0.4027121609798775,18.91005865739735
2804011,925.0,Janagaon,28,19969.0,17411.0,369752.0,0.0,238.0,713.1785714285714,1.1469186146688874,18.516300265411388
2804013,925.0,Janagaon,28,1605.0,11645.0,25793.0,0.0,20.0,57.32142857142857,0.1378273937312151,16.070404984423675
2804017,925.0,Janagaon,28,3262.0,11799.0,63582.0,0.0,0.0,116.5,0.2764641071277227,19.491722869405272
2804030,925.0,Janagaon,28,6696.0,17024.0,126245.0,0.0,287.0,239.14285714285714,0.3933270676691729,18.85379330943847
2807001,925.0,Janagaon,28,17069.0,14768.0,354103.0,0.0,45.0,609.6071428571429,1.1558098591549295,20.745386372956823
2807012,925.0,Janagaon,28,16510.0,14682.0,336432.0,0.0,31.0,589.6428571428571,1.1245061980656585,20.37746820109025
2807013,925.0,Janagaon,28,13980.0,10898.0,288355.0,0.0,76.0,499.2857142857143,1.2828041842539915,20.626251788268956
2810011,925.0,Janagaon,28,3659.0,9152.0,72668.0,0.0,55.0,130.67857142857142,0.39980332167832167,19.86007105766603
2813001,925.0,Janagaon,28,2490.0,11852.0,47912.0,0.0,8.0,88.92857142857143,0.21009112386095175,19.24176706827309
2901003,926.0,Kamareddy,28,20279.0,18136.0,447512.0,0.0,0.0,724.25,1.1181627701808559,22.06775482025741
2902023,926.0,Kamareddy,28,2798.0,8820.0,65133.0,0.0,35.0,99.92857142857143,0.31723356009070297,23.27841315225161
2907031,926.0,Kamareddy,28,3862.0,11552.0,80546.0,0.0,25.0,137.92857142857142,0.33431440443213295,20.85603314344899
2909003,926.0,Kamareddy,28,11998.0,9190.0,271263.0,0.0,127.0,428.5,1.3055495103373231,22.60901816969495
2909008,926.0,Kamareddy,28,3785.0,13993.0,86387.0,0.0,100.0,135.17857142857142,0.27049238905166867,22.82351387054161
2909013,926.0,Kamareddy,28,25198.0,18454.0,552911.0,0.0,117.0,899.9285714285714,1.3654492251002492,21.942654178903087
2909022,926.0,Kamareddy,28,25415.0,20808.0,581592.0,0.0,150.0,907.6785714285714,1.22140522875817,22.88380877434586
2909023,926.0,Kamareddy,28,9783.0,8320.0,213313.0,0.0,74.0,349.39285714285717,1.1758413461538462,21.804456710620464
2909024,926.0,Kamareddy,28,20323.0,17276.0,473926.0,0.0,285.0,725.8214285714286,1.1763718453345682,23.319687054076663
2909030,926.0,Kamareddy,28,13074.0,11335.0,267941.0,0.0,65.0,466.92857142857144,1.1534186149095722,20.49418693590332
2909032,926.0,Kamareddy,28,27612.0,18528.0,593609.0,0.0,142.0,986.1428571428571,1.4902849740932642,21.49822540924236
2909041,926.0,Kamareddy,28,21620.0,14954.0,502741.0,0.0,717.0,772.1428571428571,1.4457670188578307,23.253515263644772
2909062,926.0,Kamareddy,28,19493.0,16796.0,431246.0,0.0,297.0,696.1785714285714,1.1605739461776614,22.123121120402196
2912029,926.0,Kamareddy,28,18126.0,15719.0,385801.0,0.0,30.0,647.3571428571429,1.1531267892359565,21.28439810217367
2917026,926.0,Kamareddy,28,2129.0,6602.0,47987.0,0.0,19.0,76.03571428571429,0.3224780369584974,22.539689995302957
3003013,927.0,Bhadrdri Kothagudem,28,8710.0,24852.0,194133.0,0.0,527.0,311.07142857142856,0.35047481088041205,22.288518943742826
3003014,927.0,Bhadrdri Kothagudem,28,6411.0,15320.0,133415.0,0.0,190.0,228.96428571428572,0.4184725848563969,20.810326002183746
3003020,927.0,Bhadrdri Kothagudem,28,3854.0,11463.0,70770.0,0.0,101.0,137.64285714285714,0.336212160865393,18.362740010378825
3014008,927.0,Bhadrdri Kothagudem,28,8289.0,20364.0,176163.0,0.0,374.0,296.0357142857143,0.40704183853859754,21.25262395946435
3016027,927.0,Bhadrdri Kothagudem,28,21626.0,19327.0,412593.0,0.0,263.0,772.3571428571429,1.1189527603870233,19.07856284102469
3020018,927.0,Bhadrdri Kothagudem,28,12046.0,27554.0,241562.0,0.0,403.0,430.2142857142857,0.43717790520432603,20.053295699817365
3020019,927.0,Bhadrdri Kothagudem,28,7990.0,21027.0,155708.0,0.0,223.0,285.35714285714283,0.3799876349455462,19.487859824780976
3020046,927.0,Bhadrdri Kothagudem,28,4727.0,12445.0,94446.0,0.0,165.0,168.82142857142858,0.37983125753314584,19.980114237359846
3024008,927.0,Bhadrdri Kothagudem,24,742.0,2404.0,14100.0,0.0,4.0,30.916666666666668,0.3086522462562396,19.002695417789756
3030021,927.0,Bhadrdri Kothagudem,28,5983.0,16146.0,113394.0,0.0,102.0,213.67857142857142,0.370556174904001,18.952699314725056
3031025,927.0,Bhadrdri Kothagudem,27,1759.0,9251.0,33991.0,0.0,0.0,65.14814814814815,0.19014160631283106,19.324047754405914
3101001,928.0,Mahabubabad,28,3422.0,14318.0,68203.0,0.0,103.0,122.21428571428571,0.23899986031568654,19.930742255990648
3101002,928.0,Mahabubabad,5,1118.0,14701.0,22049.0,0.0,0.0,223.6,0.07604924835045235,19.721824686940966
3101003,928.0,Mahabubabad,28,9461.0,22052.0,185510.0,0.0,248.0,337.89285714285717,0.42903138037366223,19.60786386217102
3101005,928.0,Mahabubabad,28,4164.0,9514.0,74256.0,0.0,31.0,148.71428571428572,0.4376708009249527,17.8328530259366
3102006,928.0,Mahabubabad,23,1213.0,10051.0,21434.0,0.0,25.0,52.73913043478261,0.12068450900407919,17.670239076669414
3102007,928.0,Mahabubabad,28,3714.0,11041.0,75496.0,0.0,37.0,132.64285714285714,0.33638257404220634,20.327409800753905
3103010,928.0,Mahabubabad,28,3550.0,9690.0,68420.0,0.0,0.0,126.78571428571429,0.36635706914344685,19.27323943661972
3103025,928.0,Mahabubabad,28,6381.0,15958.0,113133.0,0.0,0.0,227.89285714285714,0.39986213811254545,17.72966619652092
3104003,928.0,Mahabubabad,28,8368.0,20495.0,165659.0,0.0,216.0,298.85714285714283,0.40829470602586,19.796725621414915
3104009,928.0,Mahabubabad,28,4967.0,11701.0,80840.0,0.0,0.0,177.39285714285714,0.42449363302281856,16.275417757197502
3105011,928.0,Mahabubabad,28,4859.0,11692.0,103837.0,0.0,87.0,173.53571428571428,0.4155833048238112,21.370034986622763
3105017,928.0,Mahabubabad,26,943.0,14581.0,24708.0,0.0,150.0,36.26923076923077,0.06467320485563405,26.201484623541887
3105026,928.0,Mahabubabad,28,7994.0,20446.0,168885.0,0.0,162.0,285.5,0.39098112100166293,21.12646985238929
3105029,928.0,Mahabubabad,28,6126.0,16908.0,118640.0,0.0,93.0,218.78571428571428,0.36231369765791344,19.366634018935684
3105035,928.0,Mahabubabad,28,7000.0,18362.0,152718.0,0.0,21.0,250.0,0.38122208909704824,21.816857142857142
3105045,928.0,Mahabubabad,27,3038.0,10926.0,63265.0,0.0,0.0,112.51851851851852,0.2780523521874428,20.824555628703095
3105049,928.0,Mahabubabad,28,3755.0,13249.0,71787.0,0.0,0.0,134.10714285714286,0.283417616423881,19.117709720372837
3105052,928.0,Mahabubabad,28,3908.0,12901.0,80650.0,0.0,56.0,139.57142857142858,0.30292225408883033,20.63715455475947
3106002,928.0,Mahabubabad,27,5309.0,12334.0,106639.0,0.0,23.0,196.62962962962962,0.4304361926382358,20.08645695987945
3106008,928.0,Mahabubabad,28,2909.0,9271.0,53932.0,0.0,3.0,103.89285714285714,0.31377413439758384,18.53970436576143
3106034,928.0,Mahabubabad,28,4883.0,11940.0,92175.0,0.0,0.0,174.39285714285714,0.4089614740368509,18.87671513413885
3106052,928.0,Mahabubabad,28,3685.0,8581.0,76331.0,0.0,20.0,131.60714285714286,0.4294371285397972,20.713975576662143
3107016,928.0,Mahabubabad,28,2025.0,26778.0,46500.0,0.0,65.0,72.32142857142857,0.07562177907237284,22.962962962962962
3107019,928.0,Mahabubabad,28,4434.0,14070.0,98016.0,0.0,196.0,158.35714285714286,0.3151385927505331,22.10554803788904
3108005,928.0,Mahabubabad,28,5482.0,17395.0,107207.0,0.0,36.0,195.78571428571428,0.3151480310434033,19.55618387449836
3108009,928.0,Mahabubabad,28,3768.0,15140.0,75709.0,0.0,120.0,134.57142857142858,0.2488771466314399,20.092622080679405
3108010,928.0,Mahabubabad,28,2399.0,6898.0,41791.0,0.0,0.0,85.67857142857143,0.3477819657871847,17.42017507294706
3108040,928.0,Mahabubabad,28,2389.0,6243.0,53932.0,0.0,86.0,85.32142857142857,0.3826685888194778,22.575136040184177
3110002,928.0,Mahabubabad,28,5174.0,13801.0,98846.0,0.0,38.0,184.78571428571428,0.37490036953843925,19.10436799381523
3110003,928.0,Mahabubabad,11,803.0,13470.0,17198.0,0.0,0.0,73.0,0.05961395694135115,21.417185554171855
3110010,928.0,Mahabubabad,28,12390.0,10380.0,242206.0,0.0,100.0,442.5,1.19364161849711,19.548506860371266
3112042,928.0,Mahabubabad,28,4861.0,13712.0,99454.0,0.0,85.0,173.60714285714286,0.3545070011668611,20.459576218885005
3112046,928.0,Mahabubabad,28,4044.0,10054.0,84901.0,0.0,54.0,144.42857142857142,0.40222796896757507,20.99431256181998
3113020,928.0,Mahabubabad,28,3365.0,8972.0,67649.0,0.0,4.0,120.17857142857143,0.37505572893446276,20.1037147102526
3114001,928.0,Mahabubabad,28,2518.0,10892.0,50530.0,0.0,0.0,89.92857142857143,0.2311788468600808,20.067513899920574
3114032,928.0,Mahabubabad,28,3149.0,10260.0,63558.0,0.0,0.0,112.46428571428571,0.30692007797270954,20.183550333439186
3114039,928.0,Mahabubabad,17,136.0,4261.0,2986.0,0.0,0.0,8.0,0.0319173902839709,21.955882352941178
3115013,928.0,Mahabubabad,28,4503.0,12761.0,99741.0,0.0,0.0,160.82142857142858,0.35287203197241596,22.14990006662225
3115015,928.0,Mahabubabad,28,5954.0,14251.0,118167.0,0.0,18.0,212.64285714285714,0.4177952424391271,19.846657709103123
3116019,928.0,Mahabubabad,28,3523.0,8313.0,63996.0,0.0,0.0,125.82142857142857,0.42379405750030075,18.165200113539598
3116033,928.0,Mahabubabad,28,5254.0,13291.0,101089.0,0.0,1.0,187.64285714285714,0.3953050936724099,19.240388275599543
3116035,928.0,Mahabubabad,28,1698.0,13390.0,39140.0,0.0,218.0,60.642857142857146,0.12681105302464526,23.050647820965843
3201018,929.0,Manchiryala,28,6510.0,15414.0,123432.0,0.0,58.0,232.5,0.4223433242506812,18.96036866359447
3204010,929.0,Manchiryala,28,16792.0,13991.0,350574.0,0.0,566.0,599.7142857142857,1.2002001286541348,20.877441638875656
3204023,929.0,Manchiryala,28,8067.0,19075.0,151932.0,0.0,132.0,288.10714285714283,0.4229095674967235,18.833767199702493
3206003,929.0,Manchiryala,28,3523.0,8297.0,78665.0,0.0,0.0,125.82142857142857,0.42461130529106905,22.328980982117514
3211010,929.0,Manchiryala,28,10948.0,25048.0,198975.0,0.0,23.0,391.0,0.43708080485467904,18.174552429667518
3211030,929.0,Manchiryala,28,7222.0,25546.0,143438.0,0.0,0.0,257.92857142857144,0.28270570735144446,19.861257269454445
3213001,929.0,Manchiryala,28,5448.0,13174.0,113266.0,0.0,463.0,194.57142857142858,0.4135418248064369,20.790381791483114
3213028,929.0,Manchiryala,27,1034.0,8559.0,20931.0,0.0,0.0,38.2962962962963,0.12080850566654983,20.24274661508704
3213038,929.0,Manchiryala,28,16938.0,14138.0,370292.0,0.0,1282.0,604.9285714285714,1.1980478144009055,21.861612941315386
3213057,929.0,Manchiryala,28,912.0,6871.0,18117.0,0.0,47.0,32.57142857142857,0.13273177121234173,19.86513157894737
3213064,929.0,Manchiryala,28,4043.0,10303.0,79369.0,0.0,31.0,144.39285714285714,0.39240997767640495,19.63121444471927
3217001,929.0,Manchiryala,28,31728.0,24812.0,583098.0,0.0,91.0,1133.142857142857,1.2787360954376914,18.378025718608168
3217015,929.0,Manchiryala,28,10808.0,33220.0,206331.0,0.0,25.0,386.0,0.3253461770018061,19.09058105107328
3219009,929.0,Manchiryala,27,2893.0,6994.0,56721.0,0.0,0.0,107.14814814814815,0.4136402630826423,19.606291047355686
3301011,930.0,Medchal,26,952.0,3510.0,16979.0,0.0,0.0,36.61538461538461,0.2712250712250712,17.835084033613445
3301019,930.0,Medchal,28,32008.0,25606.0,684595.0,0.0,0.0,1143.142857142857,1.250019526673436,21.388246688327918
3301021,930.0,Medchal,28,29136.0,24337.0,631052.0,0.0,0.0,1040.5714285714287,1.1971894646012244,21.658841295991213
3301022,930.0,Medchal,28,38626.0,31778.0,818806.0,0.0,0.0,1379.5,1.2154949965384858,21.198312017811837
3301029,930.0,Medchal,28,16684.0,13097.0,352614.0,0.0,190.0,595.8571428571429,1.273879514392609,21.1348597458643
3301030,930.0,Medchal,28,8747.0,6735.0,183556.0,0.0,135.0,312.39285714285717,1.2987379361544171,20.985023436606838
3301034,930.0,Medchal,28,39703.0,28445.0,831843.0,0.0,0.0,1417.9642857142858,1.3957813323958517,20.951640933934463
3301037,930.0,Medchal,28,8902.0,7205.0,199615.0,0.0,0.0,317.92857142857144,1.235530881332408,22.42361267130982
3302001,930.0,Medchal,28,20496.0,17537.0,422650.0,33524.0,138.0,732.0,1.168728973028454,20.621096799375486
3302004,930.0,Medchal,28,6413.0,17796.0,132118.0,14032.0,203.0,229.03571428571428,0.3603618790739492,20.60159051925776
3302008,930.0,Medchal,28,24576.0,20783.0,510883.0,42371.0,437.0,877.7142857142857,1.1825049319155079,20.787882486979168
3302010,930.0,Medchal,28,27803.0,21445.0,576802.0,49310.0,741.0,992.9642857142857,1.2964793658195384,20.74603460058267
3302014,930.0,Medchal,28,35473.0,30567.0,731698.0,68197.0,194.0,1266.892857142857,1.1604998854974318,20.626899331886225
3302018,930.0,Medchal,28,16552.0,14322.0,338764.0,32589.0,110.0,591.1428571428571,1.1557045105432202,20.46665055582407
3302023,930.0,Medchal,28,24998.0,19569.0,510236.0,43516.0,187.0,892.7857142857143,1.2774285860289234,20.411072885830865
3302029,930.0,Medchal,28,39499.0,32262.0,792576.0,72749.0,210.0,1410.6785714285713,1.2243196330047734,20.06572318286539
3302030,930.0,Medchal,28,9683.0,23119.0,192447.0,26393.0,55.0,345.82142857142856,0.4188329945066828,19.87472890633068
3302038,930.0,Medchal,28,28415.0,23903.0,591572.0,49933.0,235.0,1014.8214285714286,1.1887629167886875,20.81900404715819
3302040,930.0,Medchal,28,30045.0,19645.0,633705.0,45165.0,1166.0,1073.0357142857142,1.5293967930771188,21.091862206689964
3302041,930.0,Medchal,28,23294.0,19822.0,510047.0,44555.0,1001.0,831.9285714285714,1.1751589143376047,21.89606765690736
3302042,930.0,Medchal,28,38416.0,28344.0,789291.0,64983.0,274.0,1372.0,1.3553485746542477,20.545892336526446
3302044,930.0,Medchal,7,682.0,23712.0,14587.0,1458.0,29.0,97.42857142857143,0.028761808367071526,21.38856304985337
3302046,930.0,Medchal,28,26098.0,20945.0,531700.0,47059.0,767.0,932.0714285714286,1.2460253043685845,20.373208674994252
3302047,930.0,Medchal,28,26372.0,20095.0,543003.0,46510.0,520.0,941.8571428571429,1.3123662602637471,20.59013347489762
3302048,930.0,Medchal,28,48063.0,29479.0,977147.0,66665.0,697.0,1716.5357142857142,1.6304148716035143,20.330545325926387
3302049,930.0,Medchal,28,16882.0,13297.0,354362.0,31150.0,755.0,602.9285714285714,1.2696096863954276,20.99052244994669
3302051,930.0,Medchal,28,23558.0,17681.0,484204.0,34350.0,523.0,841.3571428571429,1.3323907018833776,20.553697257831736
3302052,930.0,Medchal,28,19689.0,16384.0,403527.0,36884.0,163.0,703.1785714285714,1.20172119140625,20.495047996343136
3302056,930.0,Medchal,28,31686.0,21977.0,684898.0,50376.0,438.0,1131.642857142857,1.441780042771989,21.615161269961497
3302057,930.0,Medchal,28,12849.0,11033.0,260051.0,25159.0,14.0,458.89285714285717,1.164597117737696,20.239006926609076
3302060,930.0,Medchal,28,26068.0,23349.0,520691.0,53905.0,103.0,931.0,1.1164503833140607,19.974336351081785
3302061,930.0,Medchal,28,42118.0,35848.0,857980.0,78579.0,266.0,1504.2142857142858,1.1749051550993082,20.370862813998766
3302062,930.0,Medchal,28,45266.0,35620.0,923700.0,49900.0,248.0,1616.642857142857,1.2708029197080293,20.40604427163876
3302064,930.0,Medchal,28,34660.0,22757.0,680276.0,56558.0,138.0,1237.857142857143,1.5230478534077427,19.627120600115408
3302072,930.0,Medchal,5,1779.0,4305.0,34264.0,4700.0,59.0,355.8,0.4132404181184669,19.260258572231592
3302083,930.0,Medchal,6,1819.0,6225.0,35793.0,4500.0,0.0,303.1666666666667,0.29220883534136544,19.67729521715228
3302086,930.0,Medchal,28,42634.0,35421.0,865149.0,77312.0,269.0,1522.642857142857,1.2036362609751277,20.292466106863067
3302087,930.0,Medchal,28,40375.0,35697.0,834818.0,89007.0,1800.0,1441.9642857142858,1.131047426954646,20.67660681114551
3302089,930.0,Medchal,28,15566.0,38160.0,314401.0,220.0,14.0,555.9285714285714,0.40791404612159327,20.19793138892458
3302095,930.0,Medchal,28,36022.0,24151.0,722331.0,67596.0,574.0,1286.5,1.4915324417208398,20.05249569707401
3302098,930.0,Medchal,28,9528.0,23886.0,191874.0,25766.0,125.0,340.2857142857143,0.3988947500627983,20.137909319899244
3302104,930.0,Medchal,28,47809.0,37057.0,933517.0,85540.0,183.0,1707.4642857142858,1.2901476104379739,19.52596791399109
3302105,930.0,Medchal,28,40975.0,29075.0,843523.0,87208.0,1526.0,1463.392857142857,1.409286328460877,20.58628431970714
3302106,930.0,Medchal,28,7218.0,17287.0,151158.0,12335.0,452.0,257.7857142857143,0.4175391912998207,20.94181213632585
3302107,930.0,Medchal,28,18511.0,14473.0,372482.0,33034.0,339.0,661.1071428571429,1.279002280107787,20.122197612230565
3302111,930.0,Medchal,28,28123.0,24770.0,588044.0,48793.0,352.0,1004.3928571428571,1.1353653613241825,20.909718024392845
3302112,930.0,Medchal,28,40709.0,31321.0,838331.0,81154.0,1495.0,1453.892857142857,1.299735002075285,20.593259475791594
3302114,930.0,Medchal,28,41482.0,37176.0,837940.0,78203.0,907.0,1481.5,1.1158274155369055,20.200086784629477
3302116,930.0,Medchal,28,10263.0,7481.0,182257.0,17505.0,95.0,366.5357142857143,1.371875417724903,17.758647568936958
3302118,930.0,Medchal,28,23498.0,15859.0,335402.0,37750.0,453.0,839.2142857142857,1.4816823254934106,14.2736403098136
3302119,930.0,Medchal,28,16614.0,12152.0,342438.0,31200.0,268.0,593.3571428571429,1.3671823568136932,20.611412062116287
3302125,930.0,Medchal,28,39282.0,33026.0,832118.0,78359.0,505.0,1402.9285714285713,1.1894265124447405,21.18318822870526
3302126,930.0,Medchal,28,10198.0,8010.0,204412.0,28927.0,166.0,364.2142857142857,1.2731585518102373,20.044322416160032
3302130,930.0,Medchal,28,33899.0,26295.0,687594.0,78655.0,431.0,1210.6785714285713,1.2891804525575203,20.283607186052684
3302131,930.0,Medchal,28,42981.0,30224.0,903919.0,90070.0,1279.0,1535.0357142857142,1.4220817893065114,21.030664712314742
3302140,930.0,Medchal,28,26142.0,21445.0,525649.0,62668.0,858.0,933.6428571428571,1.2190254138493821,20.107451610435316
3302142,930.0,Medchal,28,25848.0,21811.0,544206.0,56094.0,349.0,923.1428571428571,1.1850900921553345,21.054085422469825
3302145,930.0,Medchal,28,21502.0,18503.0,416554.0,49245.0,220.0,767.9285714285714,1.1620818245689888,19.37280252999721
3302146,930.0,Medchal,28,20391.0,16237.0,418555.0,42092.0,511.0,728.25,1.2558354375808338,20.526457750968564
3302153,930.0,Medchal,27,2307.0,12334.0,45249.0,8849.0,9.0,85.44444444444444,0.1870439435706178,19.61378413524057
3302154,930.0,Medchal,28,11047.0,25620.0,191720.0,29585.0,66.0,394.5357142857143,0.4311865729898517,17.35493799221508
3302157,930.0,Medchal,28,6407.0,23407.0,147349.0,17855.0,567.0,228.82142857142858,0.2737215362925621,22.99812704854066
3302158,930.0,Medchal,28,7330.0,24539.0,145627.0,27120.0,3.0,261.7857142857143,0.2987081788173927,19.86725784447476
3302169,930.0,Medchal,28,4115.0,23139.0,65244.0,11894.0,0.0,146.96428571428572,0.17783828168892346,15.855164034021872
3302171,930.0,Medchal,27,719.0,13563.0,12547.0,300.0,59.0,26.62962962962963,0.05301187053011871,17.450625869262865
3302172,930.0,Medchal,28,18727.0,42778.0,399312.0,55301.0,917.0,668.8214285714286,0.4377717518350554,21.322795963048005
3302177,930.0,Medchal,28,2290.0,19593.0,47769.0,6582.0,43.0,81.78571428571429,0.11687847700709438,20.85982532751092
3302183,930.0,Medchal,28,16995.0,14255.0,352267.0,40616.0,175.0,606.9642857142857,1.1922132585057874,20.727684613121507
3302190,930.0,Medchal,28,3570.0,13449.0,65225.0,11807.0,26.0,127.5,0.2654472451483382,18.2703081232493
3302191,930.0,Medchal,28,1282.0,21449.0,24734.0,2820.0,6.0,45.785714285714285,0.05976968623245839,19.293291731669267
3302196,930.0,Medchal,28,34187.0,25740.0,754294.0,83580.0,153.0,1220.9642857142858,1.3281662781662782,22.0637669289496
3302199,930.0,Medchal,28,2006.0,15965.0,40934.0,3659.0,10.0,71.64285714285714,0.12564985906670842,20.405782652043868
3302206,930.0,Medchal,28,33064.0,28039.0,665596.0,78109.0,238.0,1180.857142857143,1.1792146652876352,20.13053472054198
3302213,930.0,Medchal,28,826.0,8100.0,16729.0,0.0,0.0,29.5,0.1019753086419753,20.253026634382568
3302221,930.0,Medchal,28,1274.0,10592.0,25816.0,0.0,1.0,45.5,0.12027945619335348,20.263736263736263
3302224,930.0,Medchal,28,27992.0,23297.0,565887.0,52940.0,265.0,999.7142857142857,1.2015280937459758,20.216026007430695
3302225,930.0,Medchal,28,33202.0,28575.0,684468.0,66464.0,287.0,1185.7857142857142,1.1619247594050743,20.615264140714416
3302232,930.0,Medchal,28,40431.0,28535.0,805505.0,78338.0,252.0,1443.9642857142858,1.4168915367093045,19.922955158170712
3302235,930.0,Medchal,28,38928.0,31942.0,774140.0,69814.0,208.0,1390.2857142857142,1.2187089098991923,19.88645704891081
3302236,930.0,Medchal,4,3057.0,2436.0,53926.0,6520.0,0.0,764.25,1.2549261083743843,17.640170101406607
3302241,930.0,Medchal,28,33190.0,27173.0,663318.0,59343.0,342.0,1185.357142857143,1.221433040150149,19.985477553479964
3306001,930.0,Medchal,28,34677.0,27165.0,751869.0,0.0,63.0,1238.4642857142858,1.2765323025952513,21.68206592265767
3306005,930.0,Medchal,28,54320.0,46232.0,1213939.0,0.0,0.0,1940.0,1.174943761896522,22.34791973490427
3306009,930.0,Medchal,28,47581.0,41816.0,1005837.0,0.0,0.0,1699.3214285714287,1.1378658886550603,21.13946743448015
3306015,930.0,Medchal,28,10431.0,9044.0,226061.0,0.0,0.0,372.5357142857143,1.153361344537815,21.672035279455468
3306017,930.0,Medchal,28,25622.0,21192.0,523864.0,0.0,0.0,915.0714285714286,1.209041147602869,20.445866833190227
3307001,930.0,Medchal,28,40453.0,33451.0,844935.0,0.0,0.0,1444.75,1.2093210965292518,20.886831631770203
3307005,930.0,Medchal,28,26286.0,20055.0,544940.0,0.0,34.0,938.7857142857143,1.3106955871353778,20.731187704481474
3307006,930.0,Medchal,28,25642.0,20599.0,522661.0,0.0,0.0,915.7857142857143,1.2448177095975532,20.38300444583106
3307011,930.0,Medchal,28,58676.0,44976.0,1233757.0,0.0,97.0,2095.5714285714284,1.3046069014585557,21.026603722135114
3310001,930.0,Medchal,28,42691.0,29576.0,899767.0,0.0,0.0,1524.6785714285713,1.443433865296186,21.07626900283432
3310002,930.0,Medchal,28,31127.0,24916.0,662155.0,0.0,0.0,1111.6785714285713,1.2492775726440841,21.272689305104894
3310009,930.0,Medchal,28,23957.0,20049.0,524766.0,0.0,0.0,855.6071428571429,1.1949224400219463,21.90449555453521
3310010,930.0,Medchal,28,3398.0,10535.0,72013.0,0.0,0.0,121.35714285714286,0.32254390128144284,21.192760447321955
3310015,930.0,Medchal,28,37618.0,30125.0,794289.0,0.0,0.0,1343.5,1.2487302904564315,21.114599393907174
3310021,930.0,Medchal,27,8738.0,36551.0,184828.0,0.0,0.0,323.6296296296296,0.23906322672430302,21.152208743419546
3313002,930.0,Medchal,28,22762.0,19960.0,474610.0,0.0,921.0,812.9285714285714,1.1403807615230461,20.850979703013795
3313004,930.0,Medchal,28,39296.0,24360.0,849135.0,0.0,2674.0,1403.4285714285713,1.613136288998358,21.608687907166125
3313013,930.0,Medchal,28,38858.0,32753.0,844834.0,0.0,79.0,1387.7857142857142,1.1863951393765457,21.741571877090948
3313017,930.0,Medchal,28,39999.0,31883.0,841501.0,0.0,184.0,1428.5357142857142,1.2545557193488692,21.03805095127378
3313024,930.0,Medchal,28,26804.0,21301.0,573348.0,0.0,106.0,957.2857142857143,1.2583446786535843,21.390389494105357
3313026,930.0,Medchal,28,45977.0,40144.0,905744.0,0.0,0.0,1642.0357142857142,1.145301913112794,19.699936924984232
3313027,930.0,Medchal,28,26910.0,24107.0,577488.0,0.0,1704.0,961.0714285714286,1.1162732816194467,21.459977703455966
3313029,930.0,Medchal,28,13396.0,8992.0,273115.0,0.0,0.0,478.42857142857144,1.4897686832740213,20.38780232905345
3314001,930.0,Medchal,28,43247.0,34875.0,882955.0,0.0,0.0,1544.5357142857142,1.240057347670251,20.416560686290378
3314002,930.0,Medchal,28,48405.0,37272.0,999146.0,0.0,26.0,1728.75,1.2986960721184804,20.641380022724924
3314003,930.0,Medchal,28,57866.0,43304.0,1207994.0,0.0,0.0,2066.6428571428573,1.3362737853316091,20.87571285383472
3314004,930.0,Medchal,28,106012.0,71215.0,2114413.0,0.0,0.0,3786.1428571428573,1.4886189707224602,19.945034524393463
3314006,930.0,Medchal,28,144607.0,107715.0,2994228.0,0.0,0.0,5164.535714285715,1.3424964025437498,20.705968590732123
3314007,930.0,Medchal,28,57146.0,40278.0,1185760.0,0.0,0.0,2040.9285714285713,1.4187894135756491,20.749658768767716
3314008,930.0,Medchal,28,38722.0,28970.0,787949.0,0.0,0.0,1382.9285714285713,1.3366240938902312,20.348871442590774
3314009,930.0,Medchal,28,48229.0,35292.0,982572.0,0.0,0.0,1722.4642857142858,1.3665703275529866,20.373053556988534
3316006,930.0,Medchal,28,37947.0,32231.0,851114.0,0.0,86.0,1355.25,1.1773447922807234,22.429019421825178
3316009,930.0,Medchal,28,34273.0,30659.0,719784.0,0.0,0.0,1224.0357142857142,1.1178772954108092,21.001488051819216
3384009,930.0,Medchal,28,23649.0,17158.0,479898.0,49512.0,117.0,844.6071428571429,1.3783074950460426,20.292528225294937
3384012,930.0,Medchal,28,8155.0,19944.0,184665.0,1660.0,170.0,291.25,0.40889490573606097,22.644389944819128
3384016,930.0,Medchal,28,25823.0,21256.0,513590.0,45658.0,63.0,922.25,1.2148569815581483,19.888858769314176
3384038,930.0,Medchal,20,3781.0,22907.0,81391.0,5157.0,42.0,189.05,0.1650587156764308,21.526315789473685
3384042,930.0,Medchal,28,35172.0,30433.0,750399.0,64300.0,0.0,1256.142857142857,1.1557191206913549,21.335124530876833
3384048,930.0,Medchal,21,3177.0,18965.0,13945.0,14301.0,153.0,151.28571428571428,0.16751911415765885,4.389361032420522
3384049,930.0,Medchal,19,2176.0,13954.0,15529.0,9334.0,135.0,114.52631578947368,0.15594094883187617,7.1364889705882355
3384054,930.0,Medchal,28,28082.0,22795.0,617287.0,57495.0,108.0,1002.9285714285714,1.2319368282518095,21.98158963036821
3384056,930.0,Medchal,25,5485.0,14442.0,117496.0,15988.0,56.0,219.4,0.3797950422379172,21.421330902461257
3384059,930.0,Medchal,28,4818.0,18180.0,100237.0,15442.0,72.0,172.07142857142858,0.265016501650165,20.80469074304691
3384067,930.0,Medchal,28,11646.0,28385.0,262311.0,6898.0,201.0,415.92857142857144,0.41028712348071167,22.523699124162803
3384071,930.0,Medchal,28,37227.0,29423.0,837014.0,67811.0,693.0,1329.5357142857142,1.2652346803521055,22.48405727026083
3384074,930.0,Medchal,28,35584.0,31034.0,777513.0,69621.0,641.0,1270.857142857143,1.146613391763872,21.850073066546763
3384081,930.0,Medchal,28,6380.0,27901.0,135106.0,2821.0,38.0,227.85714285714286,0.22866563922440056,21.176489028213165
3384086,930.0,Medchal,28,29949.0,25213.0,669648.0,62173.0,1566.0,1069.607142857143,1.1878396065521755,22.35961133927677
3384089,930.0,Medchal,28,36561.0,32670.0,746878.0,70040.0,265.0,1305.75,1.1191000918273646,20.42827056152731
3384090,930.0,Medchal,28,29517.0,25627.0,630060.0,61031.0,855.0,1054.1785714285713,1.151793030787841,21.34566520987905
3384091,930.0,Medchal,27,11067.0,25610.0,221059.0,38629.0,76.0,409.8888888888889,0.4321358844201484,19.974609198518117
3384096,930.0,Medchal,28,4376.0,16083.0,95983.0,1700.0,92.0,156.28571428571428,0.27208854069514393,21.933957952468006
3384102,930.0,Medchal,28,34858.0,29512.0,712977.0,67200.0,91.0,1244.9285714285713,1.1811466522092708,20.453755235526994
3384108,930.0,Medchal,28,27315.0,21133.0,573283.0,49850.0,253.0,975.5357142857143,1.292528273316614,20.98784550613216
3384113,930.0,Medchal,28,34780.0,29123.0,767930.0,58185.0,289.0,1242.142857142857,1.1942450983758541,22.079643473260493
3384116,930.0,Medchal,28,44503.0,34199.0,944764.0,64050.0,356.0,1589.392857142857,1.301295359513436,21.22922050198863
3384117,930.0,Medchal,28,44607.0,34566.0,917737.0,89042.0,1197.0,1593.107142857143,1.2904877625412254,20.573833703230434
3384119,930.0,Medchal,28,32084.0,28209.0,701524.0,65317.0,283.0,1145.857142857143,1.1373675068240632,21.865228774467024
3384120,930.0,Medchal,28,50712.0,36930.0,1086891.0,82480.0,584.0,1811.142857142857,1.3731925264012999,21.432619498343588
3384122,930.0,Medchal,28,12759.0,30860.0,267971.0,29520.0,303.0,455.67857142857144,0.41344782890473103,21.00250803354495
3384123,930.0,Medchal,28,50390.0,40048.0,1073642.0,112154.0,1760.0,1799.642857142857,1.2582401118657611,21.306648144473108
3384150,930.0,Medchal,28,6746.0,17340.0,136359.0,4900.0,29.0,240.92857142857142,0.38904267589388697,20.213311592054552
3384160,930.0,Medchal,28,31646.0,27993.0,692863.0,79477.0,624.0,1130.2142857142858,1.1304969099417712,21.894173039246667
3384162,930.0,Medchal,28,29164.0,23969.0,648430.0,69706.0,1157.0,1041.5714285714287,1.2167382869539822,22.233918529694144
3384176,930.0,Medchal,28,24359.0,19418.0,540856.0,52336.0,382.0,869.9642857142857,1.2544546297249974,22.203538733117124
3384177,930.0,Medchal,27,6435.0,21349.0,139833.0,14649.0,132.0,238.33333333333334,0.3014192702234297,21.73006993006993
3384185,930.0,Medchal,28,21268.0,18887.0,431970.0,49076.0,265.0,759.5714285714286,1.1260655477312438,20.31079556140681
3384186,930.0,Medchal,28,34080.0,28942.0,714608.0,73606.0,380.0,1217.142857142857,1.1775274687305646,20.968544600938966
3384189,930.0,Medchal,28,42805.0,35529.0,915216.0,96263.0,670.0,1528.75,1.2047904528694868,21.381053615231867
3384192,930.0,Medchal,28,10564.0,37864.0,212124.0,3369.0,18.0,377.2857142857143,0.27899852102260725,20.079893979553198
3384203,930.0,Medchal,28,39505.0,28301.0,789307.0,75203.0,327.0,1410.892857142857,1.3958870711282287,19.97992659157069
3384205,930.0,Medchal,28,44806.0,37764.0,908516.0,97387.0,730.0,1600.2142857142858,1.1864738904777037,20.276659375976433
3384206,930.0,Medchal,28,37680.0,33552.0,770298.0,83595.0,561.0,1345.7142857142858,1.1230329041487839,20.443152866242038
3384209,930.0,Medchal,28,42984.0,37188.0,908384.0,94433.0,795.0,1535.142857142857,1.1558567279767666,21.133072771263727
3384210,930.0,Medchal,28,23544.0,20061.0,472418.0,54088.0,288.0,840.8571428571429,1.1736204576043068,20.06532449881074
3384226,930.0,Medchal,28,17468.0,12647.0,359862.0,20300.0,126.0,623.8571428571429,1.3811971218470784,20.601213647813143
3402006,931.0,Nagarkarnool,6,197.0,8189.0,3755.0,0.0,0.0,32.833333333333336,0.024056661375015265,19.060913705583758
3402010,931.0,Nagarkarnool,22,2264.0,7711.0,42759.0,0.0,0.0,102.9090909090909,0.29360653611723514,18.886484098939928
3403004,931.0,Nagarkarnool,28,3745.0,10251.0,79343.0,0.0,0.0,133.75,0.36533021168666474,21.18638184245661
3404003,931.0,Nagarkarnool,28,4817.0,16318.0,114022.0,0.0,0.0,172.03571428571428,0.29519548964333864,23.670749429105253
3404011,931.0,Nagarkarnool,28,5459.0,14457.0,122068.0,0.0,87.0,194.96428571428572,0.3776025454796984,22.360871954570435
3404031,931.0,Nagarkarnool,28,16659.0,14543.0,357892.0,0.0,344.0,594.9642857142857,1.145499553049577,21.48340236508794
3404034,931.0,Nagarkarnool,28,4446.0,11345.0,95950.0,0.0,0.0,158.78571428571428,0.3918907007492287,21.581196581196583
3404035,931.0,Nagarkarnool,28,6693.0,15724.0,153868.0,0.0,35.0,239.03571428571428,0.4256550496056983,22.98939190198715
3404042,931.0,Nagarkarnool,28,1865.0,4604.0,34852.0,0.0,0.0,66.60714285714286,0.40508253692441354,18.68739946380697
3405005,931.0,Nagarkarnool,28,4472.0,18746.0,99672.0,0.0,1.0,159.71428571428572,0.23855755894590847,22.288014311270125
3405011,931.0,Nagarkarnool,28,5741.0,13659.0,120171.0,0.0,0.0,205.03571428571428,0.4203089538033531,20.932067584044592
3406005,931.0,Nagarkarnool,28,18747.0,15712.0,397107.0,0.0,149.0,669.5357142857143,1.1931644602851323,21.182429188670188
3407017,931.0,Nagarkarnool,28,2013.0,7769.0,53283.0,0.0,0.0,71.89285714285714,0.2591067061397863,26.469448584202684
3408020,931.0,Nagarkarnool,28,5610.0,13153.0,127045.0,0.0,69.0,200.35714285714286,0.42651866494335894,22.646167557932262
3408033,931.0,Nagarkarnool,28,2319.0,11161.0,45421.0,0.0,17.0,82.82142857142857,0.20777708090672878,19.586459680896937
3409015,931.0,Nagarkarnool,28,4994.0,13112.0,116313.0,0.0,0.0,178.35714285714286,0.3808724832214765,23.29054865839007
3409020,931.0,Nagarkarnool,28,4510.0,12269.0,98076.0,0.0,0.0,161.07142857142858,0.36759312087374685,21.746341463414634
3409024,931.0,Nagarkarnool,28,4425.0,11325.0,97843.0,0.0,109.0,158.03571428571428,0.39072847682119205,22.111412429378532
3410004,931.0,Nagarkarnool,24,2175.0,12559.0,43678.0,0.0,0.0,90.625,0.17318257823075087,20.08183908045977
3411005,931.0,Nagarkarnool,28,3682.0,9060.0,78698.0,0.0,0.0,131.5,0.406401766004415,21.373709940249864
3414015,931.0,Nagarkarnool,28,5296.0,12427.0,110416.0,0.0,0.0,189.14285714285714,0.4261688259435101,20.84894259818731
3415034,931.0,Nagarkarnool,28,4795.0,12206.0,103245.0,0.0,0.0,171.25,0.39283958708831723,21.531803962460895
3415039,931.0,Nagarkarnool,28,3473.0,10746.0,68392.0,0.0,22.0,124.03571428571429,0.32319002419504933,19.692484883386122
3416027,931.0,Nagarkarnool,28,3523.0,10360.0,81841.0,0.0,0.0,125.82142857142857,0.34005791505791505,23.230485381776894
3501017,932.0,Nirmal,28,1619.0,6755.0,34376.0,0.0,0.0,57.82142857142857,0.23967431532198372,21.232859789993825
3501029,932.0,Nirmal,28,31507.0,24570.0,656840.0,0.0,0.0,1125.25,1.2823361823361823,20.847430729679118
3501030,932.0,Nirmal,28,16365.0,14100.0,308422.0,0.0,0.0,584.4642857142857,1.1606382978723404,18.846440574396578
3501032,932.0,Nirmal,28,22206.0,14738.0,485337.0,0.0,0.0,793.0714285714286,1.5067173293526936,21.85611996757633
3501033,932.0,Nirmal,28,13586.0,9603.0,274348.0,0.0,0.0,485.2142857142857,1.4147662188899301,20.193434417783013
3501039,932.0,Nirmal,28,30130.0,22159.0,672969.0,0.0,0.0,1076.0714285714287,1.3597183988447132,22.335512777962165
3505029,932.0,Nirmal,28,14303.0,11516.0,289918.0,0.0,0.0,510.82142857142856,1.2420111149704758,20.269733622316995
3508016,932.0,Nirmal,28,15726.0,13931.0,313969.0,0.0,0.0,561.6428571428571,1.1288493288349724,19.964962482513037
3513002,932.0,Nirmal,28,22859.0,17008.0,441083.0,1650.0,0.0,816.3928571428571,1.3440145813734714,19.295813465155955
3513011,932.0,Nirmal,28,19625.0,17500.0,427708.0,2727.0,0.0,700.8928571428571,1.1214285714285714,21.79403821656051
3513021,932.0,Nirmal,28,19405.0,16706.0,416281.0,2950.0,0.0,693.0357142857143,1.1615587214174548,21.452254573563515
3513028,932.0,Nirmal,28,22285.0,19684.0,457142.0,3341.0,0.0,795.8928571428571,1.132137776874619,20.513439533318376
3517002,932.0,Nirmal,28,20115.0,17900.0,359071.0,0.0,0.0,718.3928571428571,1.1237430167597766,17.850907283122048
3605016,933.0,Peddapalli,6,561.0,12480.0,10055.0,0.0,0.0,93.5,0.04495192307692308,17.923351158645275
3606003,933.0,Peddapalli,28,4851.0,12764.0,87797.0,0.0,0.0,173.25,0.3800532748354748,18.098742527313956
3606019,933.0,Peddapalli,28,22386.0,19317.0,413134.0,0.0,0.0,799.5,1.158875601801522,18.45501652818726
3610002,933.0,Peddapalli,28,16890.0,12991.0,359149.0,0.0,0.0,603.2142857142857,1.3001308598260335,21.264002368265245
3610003,933.0,Peddapalli,28,14563.0,12128.0,278976.0,0.0,0.0,520.1071428571429,1.2007750659630607,19.15649248094486
3610004,933.0,Peddapalli,19,967.0,13453.0,18332.0,0.0,0.0,50.89473684210526,0.0718798780941054,18.95760082730093
3610005,933.0,Peddapalli,28,4469.0,11199.0,90111.0,0.0,0.0,159.60714285714286,0.39905348691847486,20.16357126874021
3610015,933.0,Peddapalli,28,12690.0,8844.0,252930.0,0.0,0.0,453.2142857142857,1.4348710990502036,19.93144208037825
3610016,933.0,Peddapalli,28,1710.0,12032.0,41890.0,0.0,0.0,61.07142857142857,0.14212101063829788,24.497076023391813
3610019,933.0,Peddapalli,28,10005.0,8563.0,199632.0,0.0,0.0,357.32142857142856,1.1683989256101834,19.953223388305847
3610047,933.0,Peddapalli,28,16836.0,12823.0,300600.0,0.0,0.0,601.2857142857143,1.31295328706231,17.854597291518175
3611002,933.0,Peddapalli,28,2668.0,21535.0,49689.0,0.0,0.0,95.28571428571429,0.12389133967959136,18.62406296851574
3611015,933.0,Peddapalli,28,5689.0,4022.0,104438.0,0.0,0.0,203.17857142857142,1.414470412729985,18.35788363508525
3612001,933.0,Peddapalli,28,6890.0,29291.0,118631.0,0.0,0.0,246.07142857142858,0.23522583728790414,17.217851959361393
3612011,933.0,Peddapalli,28,1066.0,10325.0,18689.0,0.0,0.0,38.07142857142857,0.10324455205811138,17.53189493433396
3612021,933.0,Peddapalli,28,22544.0,17904.0,427575.0,0.0,0.0,805.1428571428571,1.259159964253798,18.96624378992193
3612040,933.0,Peddapalli,19,2010.0,17222.0,37642.0,0.0,0.0,105.78947368421052,0.116711183370108,18.727363184079604
3612051,933.0,Peddapalli,28,5675.0,13633.0,119304.0,0.0,0.0,202.67857142857142,0.4162693464387882,21.02273127753304
3612057,933.0,Peddapalli,28,21889.0,18251.0,411912.0,0.0,0.0,781.75,1.1993315434770697,18.81821919685687
3612058,933.0,Peddapalli,28,7974.0,18661.0,136699.0,0.0,0.0,284.7857142857143,0.4273082900166122,17.143090042638576
3702005,934.0,Sangareddy,28,35629.0,21311.0,745309.0,0.0,0.0,1272.4642857142858,1.6718596030219135,20.918605630245025
3702006,934.0,Sangareddy,28,11852.0,10380.0,254360.0,0.0,0.0,423.2857142857143,1.141811175337187,21.461356733040837
3702010,934.0,Sangareddy,28,47368.0,33205.0,992756.0,0.0,0.0,1691.7142857142858,1.4265321487727751,20.95836851883128
3702012,934.0,Sangareddy,28,41002.0,29462.0,865507.0,0.0,0.0,1464.357142857143,1.3916909917860294,21.108897126969417
3703023,934.0,Sangareddy,28,3026.0,18672.0,63507.0,0.0,0.0,108.07142857142857,0.16206083976006855,20.98711169861203
3710020,934.0,Sangareddy,28,7314.0,16972.0,159512.0,0.0,0.0,261.2142857142857,0.4309450860240396,21.809133169264424
3711004,934.0,Sangareddy,27,2755.0,9356.0,55345.0,0.0,0.0,102.03703703703704,0.2944634459170586,20.088929219600725
3716005,934.0,Sangareddy,28,3705.0,8850.0,87364.0,0.0,7.0,132.32142857142858,0.4186440677966102,23.580026990553307
3717012,934.0,Sangareddy,27,1688.0,8910.0,39947.0,0.0,0.0,62.51851851851852,0.18945005611672278,23.665284360189574
3717027,934.0,Sangareddy,28,7915.0,7081.0,172090.0,0.0,0.0,282.67857142857144,1.1177799745798616,21.742261528742894
3717034,934.0,Sangareddy,2,43.0,1467.0,750.0,0.0,0.0,21.5,0.02931152010906612,17.441860465116278
3717045,934.0,Sangareddy,2,196.0,460.0,4285.0,0.0,0.0,98.0,0.4260869565217391,21.862244897959183
3717046,934.0,Sangareddy,28,20500.0,16717.0,474575.0,0.0,0.0,732.1428571428571,1.2262965843153677,23.15
3717048,934.0,Sangareddy,2,558.0,364.0,9960.0,0.0,0.0,279.0,1.532967032967033,17.849462365591396
3717053,934.0,Sangareddy,28,9713.0,8314.0,211872.0,0.0,0.0,346.89285714285717,1.1682703872985325,21.813239987645424
3719001,934.0,Sangareddy,28,12575.0,8912.0,252608.0,0.0,0.0,449.10714285714283,1.4110188509874326,20.08811133200795
3719010,934.0,Sangareddy,28,21522.0,17964.0,435772.0,0.0,0.0,768.6428571428571,1.198062792251169,20.247746491961713
3719017,934.0,Sangareddy,28,19986.0,17682.0,393501.0,0.0,0.0,713.7857142857143,1.1303020020359689,19.68883218252777
3719018,934.0,Sangareddy,28,19431.0,16793.0,384418.0,0.0,0.0,693.9642857142857,1.1570892633835528,19.783747619782822
3719019,934.0,Sangareddy,28,20429.0,15835.0,408993.0,0.0,0.0,729.6071428571429,1.2901168298073886,20.02021635909736
3719020,934.0,Sangareddy,28,21173.0,18505.0,445797.0,0.0,0.0,756.1785714285714,1.1441772493920561,21.054975676569214
3719023,934.0,Sangareddy,28,26534.0,23406.0,558747.0,0.0,0.0,947.6428571428571,1.1336409467657866,21.057774930278132
3719026,934.0,Sangareddy,16,4164.0,16665.0,85691.0,0.0,0.0,260.25,0.24986498649864985,20.57901056676273
3719034,934.0,Sangareddy,28,23245.0,17256.0,479395.0,0.0,0.0,830.1785714285714,1.3470676866017617,20.623574962357495
3719035,934.0,Sangareddy,28,39119.0,23443.0,848842.0,0.0,0.0,1397.107142857143,1.6686857484110396,21.69896981006672
3719036,934.0,Sangareddy,28,25267.0,22461.0,551069.0,0.0,0.0,902.3928571428571,1.124927652375228,21.80983100486801
3719037,934.0,Sangareddy,18,1069.0,9614.0,22304.0,0.0,0.0,59.388888888888886,0.11119201164967756,20.864359214218897
3719038,934.0,Sangareddy,28,12765.0,10028.0,269196.0,0.0,0.0,455.89285714285717,1.2729357798165137,21.088601645123383
3719040,934.0,Sangareddy,28,26841.0,21867.0,565963.0,0.0,0.0,958.6071428571429,1.227466044724928,21.085764315785553
3719041,934.0,Sangareddy,28,21088.0,14863.0,440425.0,0.0,0.0,753.1428571428571,1.4188252708067013,20.88510053110774
3719043,934.0,Sangareddy,28,26588.0,19731.0,589677.0,0.0,0.0,949.5714285714286,1.3475242004966803,22.17831352489845
3719044,934.0,Sangareddy,28,3234.0,10698.0,69286.0,0.0,0.0,115.5,0.3022994952327538,21.424242424242426
3719046,934.0,Sangareddy,28,23081.0,15545.0,472161.0,0.0,0.0,824.3214285714286,1.4847861048568671,20.456695983709544
3719047,934.0,Sangareddy,28,28861.0,21312.0,608126.0,0.0,0.0,1030.75,1.3542135885885886,21.07085686566647
3721013,934.0,Sangareddy,28,4099.0,11379.0,76146.0,0.0,0.0,146.39285714285714,0.3602249758326742,18.576726030739206
3721018,934.0,Sangareddy,28,4220.0,9719.0,90651.0,0.0,0.0,150.71428571428572,0.43420104949068833,21.48127962085308
3722002,934.0,Sangareddy,28,28831.0,23015.0,624341.0,0.0,0.0,1029.6785714285713,1.252704757766674,21.655197530435988
3722006,934.0,Sangareddy,28,26730.0,17642.0,575056.0,0.0,0.0,954.6428571428571,1.515134338510373,21.513505424616536
3722007,934.0,Sangareddy,28,25263.0,20702.0,566932.0,0.0,0.0,902.25,1.2203168775963675,22.441198590824527
3722010,934.0,Sangareddy,28,20203.0,17068.0,443804.0,0.0,0.0,721.5357142857143,1.1836770564799626,21.967232589219424
3722013,934.0,Sangareddy,28,18552.0,15422.0,406251.0,0.0,0.0,662.5714285714286,1.2029568149396965,21.897962483829236
3722015,934.0,Sangareddy,28,25752.0,17733.0,581777.0,0.0,0.0,919.7142857142857,1.4522077482659448,22.591526871699287
3722018,934.0,Sangareddy,28,8304.0,6210.0,173111.0,0.0,0.0,296.57142857142856,1.3371980676328503,20.846700385356456
3722020,934.0,Sangareddy,28,17939.0,15966.0,382831.0,0.0,0.0,640.6785714285714,1.1235750970812977,21.340710184514187
3722021,934.0,Sangareddy,28,12469.0,7140.0,262535.0,0.0,0.0,445.32142857142856,1.746358543417367,21.055016440773116
3722022,934.0,Sangareddy,28,22892.0,16698.0,470038.0,0.0,0.0,817.5714285714286,1.370942627859624,20.532849903896558
3722023,934.0,Sangareddy,28,14381.0,11624.0,285555.0,0.0,0.0,513.6071428571429,1.2371816930488644,19.856407760239204
3722024,934.0,Sangareddy,28,14333.0,12500.0,290615.0,0.0,0.0,511.89285714285717,1.14664,20.275936649689527
3722027,934.0,Sangareddy,28,7106.0,6332.0,144698.0,0.0,0.0,253.78571428571428,1.122236260265319,20.362792006754855
3722028,934.0,Sangareddy,28,7835.0,6244.0,161760.0,0.0,0.0,279.82142857142856,1.2548046124279308,20.645820038289724
3722030,934.0,Sangareddy,28,15017.0,12301.0,316759.0,0.0,0.0,536.3214285714286,1.2207950573124136,21.093360857694613
3722031,934.0,Sangareddy,28,27659.0,18302.0,574588.0,0.0,0.0,987.8214285714286,1.5112556004808217,20.773997613796595
3722032,934.0,Sangareddy,28,10964.0,7860.0,231594.0,0.0,0.0,391.57142857142856,1.394910941475827,21.123130244436336
3722038,934.0,Sangareddy,28,11368.0,9852.0,232486.0,0.0,0.0,406.0,1.1538773853024766,20.4509148486981
3723009,934.0,Sangareddy,28,9818.0,8712.0,185252.0,0.0,0.0,350.64285714285717,1.126951331496786,18.86860867793848
3723034,934.0,Sangareddy,28,25623.0,21880.0,567835.0,0.0,0.0,915.1071428571429,1.1710694698354662,22.161144284431955
3723035,934.0,Sangareddy,28,29584.0,23769.0,632721.0,0.0,0.0,1056.5714285714287,1.2446463881526357,21.38727014602488
3723038,934.0,Sangareddy,28,18719.0,14132.0,409310.0,0.0,0.0,668.5357142857143,1.3245825077837532,21.86601848389337
3723039,934.0,Sangareddy,28,20693.0,17943.0,443937.0,0.0,0.0,739.0357142857143,1.1532631109624922,21.453486686319046
3723044,934.0,Sangareddy,28,28227.0,24386.0,616640.0,0.0,0.0,1008.1071428571429,1.1575084064627246,21.84575052254933
3723047,934.0,Sangareddy,28,20101.0,17820.0,420288.0,0.0,0.0,717.8928571428571,1.1280022446689113,20.908810506939954
3723050,934.0,Sangareddy,28,31223.0,23766.0,672994.0,0.0,0.0,1115.107142857143,1.313767567112682,21.554431028408544
3724023,934.0,Sangareddy,28,14856.0,12780.0,321230.0,0.0,0.0,530.5714285714286,1.1624413145539907,21.622913301023157
3724025,934.0,Sangareddy,28,23997.0,15792.0,516038.0,0.0,0.0,857.0357142857143,1.519566869300912,21.50427136725424
3724028,934.0,Sangareddy,28,18459.0,15895.0,419451.0,0.0,0.0,659.25,1.1613085876061655,22.723386965707785
3724029,934.0,Sangareddy,28,21501.0,16886.0,492776.0,0.0,0.0,767.8928571428571,1.2733033282008765,22.91874796521092
3724034,934.0,Sangareddy,28,22719.0,19908.0,478506.0,0.0,0.0,811.3928571428571,1.1411995177817962,21.061930542717548
3724035,934.0,Sangareddy,28,41333.0,25928.0,853545.0,0.0,0.0,1476.1785714285713,1.5941453255168159,20.650448793941887
3724041,934.0,Sangareddy,28,21665.0,15699.0,457184.0,0.0,0.0,773.75,1.3800242053633989,21.10242326332795
3724046,934.0,Sangareddy,28,24765.0,18202.0,546719.0,0.0,0.0,884.4642857142857,1.3605647731018569,22.076277003836058
3724048,934.0,Sangareddy,28,22188.0,17879.0,464842.0,0.0,0.0,792.4285714285714,1.241009004977907,20.950153235983414
3727018,934.0,Sangareddy,7,1443.0,17370.0,32446.0,0.0,0.0,206.14285714285714,0.08307426597582038,22.485100485100485
3727019,934.0,Sangareddy,28,25518.0,22620.0,585312.0,0.0,0.0,911.3571428571429,1.1281167108753316,22.937220785328005
3727024,934.0,Sangareddy,28,20586.0,16858.0,465806.0,0.0,0.0,735.2142857142857,1.2211412979001068,22.62731953754979
3727025,934.0,Sangareddy,28,6220.0,16627.0,129461.0,0.0,0.0,222.14285714285714,0.37409033499729355,20.813665594855305
3727028,934.0,Sangareddy,28,22749.0,17670.0,516273.0,0.0,0.0,812.4642857142857,1.2874363327674023,22.694316233680603
3727029,934.0,Sangareddy,28,15066.0,13077.0,347257.0,0.0,0.0,538.0714285714286,1.1520991052993805,23.04905084295765
3727031,934.0,Sangareddy,28,19282.0,14559.0,425759.0,0.0,0.0,688.6428571428571,1.3244041486365823,22.080645161290324
3727032,934.0,Sangareddy,28,11551.0,6945.0,258201.0,0.0,0.0,412.5357142857143,1.66321094312455,22.353129599168902
3727033,934.0,Sangareddy,28,21673.0,14403.0,501467.0,0.0,0.0,774.0357142857143,1.5047559536207735,23.137867392608314
3727034,934.0,Sangareddy,28,13602.0,11180.0,309924.0,0.0,0.0,485.7857142857143,1.2166368515205725,22.7851786501985
3727036,934.0,Sangareddy,28,14599.0,12187.0,340623.0,0.0,0.0,521.3928571428571,1.1979158119307458,23.331940543872868
3727037,934.0,Sangareddy,28,12507.0,10454.0,288470.0,0.0,0.0,446.67857142857144,1.196384159173522,23.06468377708483
3727039,934.0,Sangareddy,28,23157.0,16505.0,545037.0,0.0,0.0,827.0357142857143,1.4030293850348379,23.53659800492292
3727042,934.0,Sangareddy,28,14789.0,9660.0,365840.0,0.0,0.0,528.1785714285714,1.5309523809523808,24.73730475353303
3727043,934.0,Sangareddy,28,20451.0,14759.0,500766.0,0.0,0.0,730.3928571428571,1.3856629852971067,24.48613759718351
3727049,934.0,Sangareddy,28,20918.0,13756.0,500814.0,0.0,0.0,747.0714285714286,1.5206455364931666,23.941772636007265
3803012,935.0,Siddipet,28,5188.0,17407.0,102305.0,0.0,0.0,185.28571428571428,0.2980410179812719,19.719545104086354
3803023,935.0,Siddipet,28,19297.0,13166.0,383260.0,10067.0,360.0,689.1785714285714,1.4656691478049522,19.861118308545368
3803025,935.0,Siddipet,28,18136.0,15825.0,364357.0,14140.0,318.0,647.7142857142857,1.146034755134281,20.090262461402734
3803026,935.0,Siddipet,28,23012.0,18727.0,492718.0,18810.0,568.0,821.8571428571429,1.2288140118545416,21.41135059968712
3803033,935.0,Siddipet,28,21209.0,17874.0,419313.0,2600.0,455.0,757.4642857142857,1.186583864831599,19.770521948229526
3803035,935.0,Siddipet,28,20550.0,18091.0,422186.0,900.0,517.0,733.9285714285714,1.135923940080703,20.54433090024331
3803036,935.0,Siddipet,28,24534.0,21208.0,501717.0,15351.0,496.0,876.2142857142857,1.156827612221803,20.449865492785523
3803055,935.0,Siddipet,28,22614.0,19205.0,466572.0,13779.0,483.0,807.6428571428571,1.1775058578495183,20.631997877421067
3803056,935.0,Siddipet,28,22918.0,20011.0,487547.0,0.0,649.0,818.5,1.1452701014442057,21.27354044855572
3803057,935.0,Siddipet,28,24527.0,21607.0,502823.0,0.0,262.0,875.9642857142857,1.1351413893645579,20.500795042198394
3805023,935.0,Siddipet,28,4340.0,10795.0,90545.0,0.0,0.0,155.0,0.4020379805465493,20.862903225806452
3810009,935.0,Siddipet,28,17676.0,14795.0,368905.0,0.0,145.0,631.2857142857143,1.1947279486312943,20.8703892283322
3810010,935.0,Siddipet,27,5338.0,14562.0,109362.0,0.0,0.0,197.7037037037037,0.3665705260266447,20.487448482577744
3810033,935.0,Siddipet,28,18707.0,16268.0,397726.0,0.0,31.0,668.1071428571429,1.1499262355544628,21.260811460950446
3810038,935.0,Siddipet,28,16324.0,13143.0,344913.0,0.0,69.0,583.0,1.2420299779350223,21.12919627542269
3810040,935.0,Siddipet,28,19401.0,14805.0,404631.0,0.0,92.0,692.8928571428571,1.310435663627153,20.856192979743312
3907002,936.0,Rajanna Siricilla,28,22466.0,18126.0,449751.0,0.0,603.0,802.3571428571429,1.2394350656515503,20.019184545535477
3908003,936.0,Rajanna Siricilla,28,21951.0,18104.0,493736.0,0.0,3268.0,783.9642857142857,1.2124944763588157,22.49264270420482
3908006,936.0,Rajanna Siricilla,28,16900.0,15141.0,379435.0,0.0,2329.0,603.5714285714286,1.1161746251898819,22.451775147928995
3908007,936.0,Rajanna Siricilla,28,19283.0,16663.0,438171.0,0.0,2620.0,688.6785714285714,1.1572345916101543,22.723175854379505
3908011,936.0,Rajanna Siricilla,28,26129.0,18991.0,569602.0,0.0,3549.0,933.1785714285714,1.3758622505397293,21.79960962914769
3908018,936.0,Rajanna Siricilla,28,21882.0,17842.0,481869.0,0.0,3188.0,781.5,1.2264320143481673,22.021250342747464
3908021,936.0,Rajanna Siricilla,28,6825.0,15870.0,155222.0,0.0,1029.0,243.75,0.43005671077504726,22.743150183150185
3908027,936.0,Rajanna Siricilla,28,17676.0,14891.0,393150.0,0.0,1961.0,631.2857142857143,1.1870257202336982,22.24202308214528
3908028,936.0,Rajanna Siricilla,28,22098.0,17598.0,517546.0,0.0,3386.0,789.2142857142857,1.255710876235936,23.42049054213051
3908035,936.0,Rajanna Siricilla,24,2189.0,15408.0,48463.0,0.0,538.0,91.20833333333333,0.14206905503634476,22.139333028780264
3909029,936.0,Rajanna Siricilla,28,13380.0,10896.0,253509.0,0.0,313.0,477.85714285714283,1.2279735682819384,18.946860986547087
3909036,936.0,Rajanna Siricilla,28,20972.0,16698.0,486949.0,0.0,3855.0,749.0,1.2559587974607738,23.21900629410643
3911009,936.0,Rajanna Siricilla,28,27896.0,20923.0,543406.0,0.0,154.0,996.2857142857143,1.3332696076088515,19.479710352738746
3911010,936.0,Rajanna Siricilla,28,4560.0,17893.0,86296.0,0.0,51.0,162.85714285714286,0.2548482646845135,18.924561403508772
3911019,936.0,Rajanna Siricilla,28,26351.0,18966.0,511563.0,0.0,77.0,941.1071428571429,1.3893809975746072,19.41341884558461
3911021,936.0,Rajanna Siricilla,28,26823.0,21967.0,518907.0,0.0,560.0,957.9642857142857,1.221058861018801,19.3455989262946
4001006,937.0,Suryapet,28,5137.0,11788.0,100383.0,0.0,14.0,183.46428571428572,0.4357821513403461,19.541171890208293
4001013,937.0,Suryapet,28,7176.0,19504.0,132786.0,0.0,41.0,256.2857142857143,0.36792452830188677,18.504180602006688
4001022,937.0,Suryapet,28,13384.0,11552.0,274409.0,0.0,231.0,478.0,1.1585872576177285,20.502764494919308
4002008,937.0,Suryapet,28,9183.0,21615.0,167351.0,0.0,28.0,327.9642857142857,0.4248438584316447,18.224000871174997
4004031,937.0,Suryapet,28,3498.0,8200.0,64800.0,0.0,33.0,124.92857142857143,0.4265853658536585,18.524871355060036
4005026,937.0,Suryapet,28,2863.0,10844.0,55750.0,0.0,16.0,102.25,0.26401696790852086,19.472581208522527
4005040,937.0,Suryapet,25,2375.0,6121.0,41869.0,0.0,3.0,95.0,0.38800849534389803,17.629052631578947
4008002,937.0,Suryapet,26,1706.0,15187.0,32317.0,0.0,40.0,65.61538461538461,0.11233291631000197,18.94314185228605
4008007,937.0,Suryapet,28,17950.0,15277.0,338695.0,0.0,29.0,641.0714285714286,1.1749689075080185,18.868802228412257
4008012,937.0,Suryapet,28,21647.0,18448.0,436914.0,0.0,65.0,773.1071428571429,1.173406331309627,20.183582020603318
4008019,937.0,Suryapet,28,2624.0,15879.0,55721.0,0.0,49.0,93.71428571428571,0.16524970086277474,21.23513719512195
4008024,937.0,Suryapet,28,31082.0,24966.0,600892.0,0.0,52.0,1110.0714285714287,1.2449731635023633,19.33247538768419
4011017,937.0,Suryapet,28,5408.0,4771.0,105476.0,0.0,0.0,193.14285714285714,1.1335149863760219,19.50369822485207
4011018,937.0,Suryapet,6,962.0,13292.0,18830.0,0.0,0.0,160.33333333333334,0.07237436051760457,19.573804573804573
4015023,937.0,Suryapet,28,4302.0,12155.0,84395.0,0.0,0.0,153.64285714285714,0.3539284245166598,19.61761971176197
4017023,937.0,Suryapet,28,2518.0,6727.0,46633.0,0.0,8.0,89.92857142857143,0.3743124721272484,18.519857029388405
4018022,937.0,Suryapet,28,4937.0,13222.0,93536.0,0.0,15.0,176.32142857142858,0.37339283013159885,18.945918574032813
4018028,937.0,Suryapet,28,25383.0,21625.0,507060.0,0.0,160.0,906.5357142857143,1.1737803468208092,19.97636213213568
4018029,937.0,Suryapet,28,13218.0,11076.0,279036.0,0.0,168.0,472.07142857142856,1.1933911159263273,21.11030413073082
4018031,937.0,Suryapet,28,25303.0,20834.0,511115.0,0.0,212.0,903.6785714285714,1.2145051358356533,20.19977868236968
4018050,937.0,Suryapet,22,5240.0,15452.0,105204.0,0.0,102.0,238.1818181818182,0.33911467771162307,20.07709923664122
4018055,937.0,Suryapet,28,27103.0,24109.0,555549.0,0.0,60.0,967.9642857142857,1.1241859886349497,20.497693982215992
4022021,937.0,Suryapet,28,6594.0,15152.0,125801.0,0.0,15.0,235.5,0.43519007391763465,19.078101304215952
4023012,937.0,Suryapet,28,8504.0,24401.0,173183.0,0.0,112.0,303.7142857142857,0.34851030695463303,20.36488711194732
4103003,938.0,Vikarabad,28,3643.0,9220.0,94829.0,0.0,0.0,130.10714285714286,0.39511930585683297,26.030469393357123
4103023,938.0,Vikarabad,28,5463.0,12666.0,148619.0,0.0,0.0,195.10714285714286,0.4313121743249645,27.20464946000366
4103033,938.0,Vikarabad,28,2482.0,9599.0,63011.0,0.0,0.0,88.64285714285714,0.25856860089592665,25.387187751813055
4107017,938.0,Vikarabad,28,17057.0,14760.0,381728.0,0.0,0.0,609.1785714285714,1.1556233062330623,22.37955091751187
4109007,938.0,Vikarabad,28,5520.0,12836.0,123156.0,0.0,0.0,197.14285714285714,0.43004051106263635,22.31086956521739
4111001,938.0,Vikarabad,28,5107.0,14974.0,93577.0,0.0,0.0,182.39285714285714,0.34105783357820224,18.323281770119443
4111043,938.0,Vikarabad,28,15838.0,13571.0,330994.0,0.0,0.0,565.6428571428571,1.167047380443593,20.89872458643768
4111050,938.0,Vikarabad,28,23299.0,19293.0,490959.0,0.0,0.0,832.1071428571429,1.2076400767117608,21.072106098974206
4205009,939.0,Wanaparthy,28,4991.0,11372.0,111844.0,0.0,0.0,178.25,0.4388849806542385,22.409136445602083
4205014,939.0,Wanaparthy,28,6169.0,15371.0,126028.0,0.0,0.0,220.32142857142858,0.4013401860646672,20.429242989139244
4205018,939.0,Wanaparthy,27,1662.0,5630.0,37726.0,0.0,0.0,61.55555555555556,0.2952042628774423,22.69915764139591
4205021,939.0,Wanaparthy,28,3523.0,8385.0,82507.0,0.0,0.0,125.82142857142857,0.4201550387596899,23.419528810672723
4208006,939.0,Wanaparthy,28,4793.0,12033.0,99904.0,0.0,0.0,171.17857142857142,0.39832128313803705,20.84373044022533
4208033,939.0,Wanaparthy,28,4301.0,10474.0,91555.0,0.0,0.0,153.60714285714286,0.41063586022531984,21.286910020925365
4208037,939.0,Wanaparthy,28,4273.0,12572.0,92669.0,0.0,0.0,152.60714285714286,0.33988227807826915,21.687105078399252
4210009,939.0,Wanaparthy,28,5642.0,13494.0,116771.0,0.0,0.0,201.5,0.41811175337186895,20.69673874512584
4212005,939.0,Wanaparthy,28,7753.0,20029.0,148464.0,0.0,0.0,276.89285714285717,0.38708872135403666,19.149232555139946
4213020,939.0,Wanaparthy,28,35442.0,31585.0,727021.0,0.0,0.0,1265.7857142857142,1.1221149279721387,20.51297895152644
4304001,940.0,Warangal,28,3295.0,7749.0,67356.0,0.0,0.0,117.67857142857143,0.425216156923474,20.441881638846738
4307027,940.0,Warangal,28,3380.0,8340.0,67091.0,0.0,0.0,120.71428571428571,0.4052757793764988,19.849408284023667
4308037,940.0,Warangal,28,7427.0,17157.0,131140.0,0.0,0.0,265.25,0.4328845369237046,17.657196714689647
4309014,940.0,Warangal,26,930.0,12805.0,17582.0,0.0,0.0,35.76923076923077,0.07262787973447872,18.905376344086022
4309033,940.0,Warangal,28,2912.0,8221.0,51791.0,0.0,0.0,104.0,0.3542148157158497,17.78537087912088
4311003,940.0,Warangal,28,3713.0,9100.0,73695.0,0.0,2.0,132.60714285714286,0.40802197802197804,19.847831941826016
4311017,940.0,Warangal,26,2060.0,10356.0,36520.0,0.0,6.0,79.23076923076923,0.1989185013518733,17.728155339805824
4312011,940.0,Warangal,28,4359.0,12153.0,87174.0,0.0,0.0,155.67857142857142,0.35867686990866454,19.998623537508603
4312036,940.0,Warangal,28,4314.0,10563.0,97495.0,0.0,6.0,154.07142857142858,0.4084067026412951,22.59967547519703
4315013,940.0,Warangal,27,3384.0,8042.0,66470.0,0.0,0.0,125.33333333333333,0.4207908480477493,19.64243498817967
4315030,940.0,Warangal,27,3112.0,16541.0,62396.0,0.0,0.0,115.25925925925925,0.18813856477842936,20.05012853470437
4317035,940.0,Warangal,28,6099.0,15971.0,124177.0,0.0,0.0,217.82142857142858,0.38187965687809156,20.36022298737498
4318022,940.0,Warangal,28,4181.0,12490.0,80321.0,0.0,0.0,149.32142857142858,0.33474779823859085,19.210954317149007
4318049,940.0,Warangal,28,8993.0,29160.0,178137.0,0.0,0.0,321.17857142857144,0.3084019204389575,19.80840653841877
4318062,940.0,Warangal,28,2273.0,9169.0,42657.0,0.0,0.0,81.17857142857143,0.24790053440942306,18.766827980642322
4402024,941.0,Yadadri Bhuvanagiri,28,4349.0,10230.0,89054.0,0.0,0.0,155.32142857142858,0.42512218963831866,20.476891239365372
4403007,941.0,Yadadri Bhuvanagiri,28,5217.0,12545.0,102226.0,0.0,0.0,186.32142857142858,0.41586289358310086,19.59478627563734
4407008,941.0,Yadadri Bhuvanagiri,28,5659.0,17804.0,124597.0,0.0,0.0,202.10714285714286,0.31784992136598517,22.017494256935855
4407013,941.0,Yadadri Bhuvanagiri,28,23187.0,20419.0,492165.0,0.0,0.0,828.1071428571429,1.1355600176306382,21.22590244533575
4407039,941.0,Yadadri Bhuvanagiri,28,5782.0,13422.0,118673.0,0.0,0.0,206.5,0.43078527790195204,20.524558976132827
4407042,941.0,Yadadri Bhuvanagiri,28,18599.0,16420.0,393389.0,0.0,0.0,664.25,1.1327040194884288,21.151083391580194
4407043,941.0,Yadadri Bhuvanagiri,28,27144.0,17009.0,537830.0,0.0,0.0,969.4285714285714,1.5958610147568935,19.813955201886237
4408002,941.0,Yadadri Bhuvanagiri,28,2911.0,8799.0,55567.0,0.0,0.0,103.96428571428571,0.3308330492101375,19.088629336997595
4410019,941.0,Yadadri Bhuvanagiri,28,4757.0,11183.0,89858.0,0.0,343.0,169.89285714285714,0.4253778055977823,18.88963632541518
4410021,941.0,Yadadri Bhuvanagiri,28,6388.0,15423.0,127947.0,0.0,0.0,228.14285714285714,0.4141866044219672,20.029273638071384
4411028,941.0,Yadadri Bhuvanagiri,28,2097.0,5160.0,40758.0,0.0,6.0,74.89285714285714,0.4063953488372093,19.436337625178826
4418001,941.0,Yadadri Bhuvanagiri,28,4727.0,11140.0,96785.0,0.0,45.0,168.82142857142858,0.42432675044883306,20.474931246033425
4504040,981.0,Mulugu,28,861.0,2130.0,15421.0,0.0,0.0,30.75,0.4042253521126761,17.910569105691057
4505003,981.0,Mulugu,28,7819.0,21555.0,140937.0,0.0,0.0,279.25,0.36274646253769427,18.024939250543547
4505021,981.0,Mulugu,28,7722.0,18770.0,135479.0,0.0,2.0,275.7857142857143,0.41140117208311133,17.544548044548044
4602006,982.0,Narayanpet,28,5204.0,14208.0,122067.0,0.0,0.0,185.85714285714286,0.3662725225225225,23.456379707916987
4605022,982.0,Narayanpet,28,6429.0,15230.0,146193.0,0.0,29.0,229.60714285714286,0.4221273801707157,22.739617358842743
4606011,982.0,Narayanpet,28,5167.0,13957.0,117104.0,0.0,0.0,184.53571428571428,0.37020849752812207,22.663828140119993
4609021,982.0,Narayanpet,28,11816.0,27112.0,269845.0,0.0,0.0,422.0,0.43582177633520214,22.837254570074474
