shopNo,district_code,district_name,transaction_months,total_transactions,total_ration_cards,total_rice,total_wheat,total_sugar,transactions_per_month,transactions_per_ration_card,rice_per_transaction
1409030,538.0,Mahbubnagar,28,26053.0,34970.0,613345.0,0.0,550.0,930.4642857142857,0.7450100085787819,23.54220243350094
1481009,538.0,Mahbubnagar,28,28725.0,35728.0,625025.0,0.0,60.0,1025.892857142857,0.8039912673533364,21.75892080069626
1481010,538.0,Mahbubnagar,28,26349.0,31709.0,576218.0,17560.0,360.0,941.0357142857143,0.8309628181273455,21.868685718623098
1481041,538.0,Mahbubnagar,28,26382.0,29438.0,610242.0,20246.0,1430.0,942.2142857142857,0.896188599769006,23.130998408005457
1500004,537.0,Ranga Reddy,28,32506.0,24315.0,682004.0,11598.0,143.0,1160.9285714285713,1.3368702447049146,20.980865071063803
1500005,537.0,Ranga Reddy,28,36314.0,30621.0,807029.0,16256.0,361.0,1296.9285714285713,1.1859181607393618,22.223632758715645
1500013,537.0,Ranga Reddy,28,29003.0,26199.0,637416.0,0.0,0.0,1035.8214285714287,1.1070269857628154,21.977588525324965
1500015,537.0,Ranga Reddy,28,46880.0,38786.0,1052239.0,3347.0,92.0,1674.2857142857142,1.2086835456092404,22.445371160409557
1500017,537.0,Ranga Reddy,28,33512.0,26404.0,706499.0,12849.0,317.0,1196.857142857143,1.26920163611574,21.081970637383623
1500024,537.0,Ranga Reddy,28,41960.0,31987.0,885766.0,0.0,19.0,1498.5714285714287,1.311782911807922,21.109771210676836
1504004,537.0,Ranga Reddy,28,27047.0,30938.0,612319.0,0.0,0.0,965.9642857142857,0.87423233563902,22.639072725256035
1517001,537.0,Ranga Reddy,28,31930.0,31105.0,723647.0,0.0,556.0,1140.357142857143,1.026523067031024,22.66354525524585
1517003,537.0,Ranga Reddy,28,32038.0,29791.0,718444.0,0.0,686.0,1144.2142857142858,1.0754254640663288,22.424745614582683
1517014,537.0,Ranga Reddy,28,34762.0,36832.0,725034.0,0.0,311.0,1241.5,0.9437988705473501,20.85708532305391
1517015,537.0,Ranga Reddy,28,32674.0,26974.0,756364.0,0.0,634.0,1166.9285714285713,1.2113145992437162,23.148803329864723
1517021,537.0,Ranga Reddy,28,35016.0,23823.0,811436.0,0.0,317.0,1250.5714285714287,1.4698400705200856,23.17329220927576
1532002,537.0,Ranga Reddy,28,53725.0,45880.0,1205077.0,0.0,0.0,1918.75,1.1709895379250217,22.43046998604002
1532003,537.0,Ranga Reddy,28,47076.0,45662.0,1052118.0,0.0,0.0,1681.2857142857142,1.0309666681266698,22.34934998725465
1532026,537.0,Ranga Reddy,28,35641.0,38976.0,764308.0,0.0,0.0,1272.892857142857,0.9144345238095238,21.444628377430487
1532038,537.0,Ranga Reddy,28,25978.0,19960.0,558430.0,0.0,0.0,927.7857142857143,1.301503006012024,21.496266071291092
1532039,537.0,Ranga Reddy,28,30809.0,20900.0,650476.0,0.0,20.0,1100.3214285714287,1.4741148325358853,21.113181213281834
1539003,537.0,Ranga Reddy,28,26621.0,19140.0,570412.0,0.0,384.0,950.75,1.3908568443051201,21.427143984072725
1539013,537.0,Ranga Reddy,28,27888.0,19049.0,573050.0,0.0,0.0,996.0,1.4640138589952227,20.5482644865175
1539027,537.0,Ranga Reddy,28,32857.0,35171.0,683250.0,0.0,200.0,1173.4642857142858,0.934207159307384,20.794655628937516
1581006,537.0,Ranga Reddy,28,28202.0,34866.0,590697.0,500.0,50.0,1007.2142857142857,0.8088682383984397,20.945216651301326
1581063,537.0,Ranga Reddy,28,29056.0,30272.0,625468.0,4000.0,92.0,1037.7142857142858,0.959830866807611,21.526294052863435
1581067,537.0,Ranga Reddy,28,38418.0,48906.0,802814.0,59700.0,0.0,1372.0714285714287,0.7855477855477856,20.896819199333645
1581068,537.0,Ranga Reddy,28,30315.0,42343.0,648990.0,1900.0,121.0,1082.6785714285713,0.7159388800982452,21.40821375556655
1581069,537.0,Ranga Reddy,28,32378.0,40655.0,715164.0,1500.0,207.0,1156.357142857143,0.796408805804944,22.087960961146457
1581071,537.0,Ranga Reddy,28,35865.0,35213.0,762524.0,0.0,0.0,1280.892857142857,1.0185158890182604,21.260950787676006
1581210,537.0,Ranga Reddy,28,27930.0,31467.0,618970.0,1500.0,82.0,997.5,0.8875965296977786,22.161475116362336
1581231,537.0,Ranga Reddy,28,33403.0,31172.0,731546.0,18435.0,101.0,1192.9642857142858,1.0715706403182343,21.900607729844626
1581236,537.0,Ranga Reddy,28,40552.0,44398.0,930060.0,21900.0,120.0,1448.2857142857142,0.9133744763277625,22.934997040836457
1581322,537.0,Ranga Reddy,28,33554.0,38888.0,737450.0,100001.0,0.0,1198.357142857143,0.862836864842625,21.978005602908745
1581341,537.0,Ranga Reddy,28,43272.0,41969.0,864109.0,109714.0,64.0,1545.4285714285713,1.0310467249636637,19.96924107968201
1581387,537.0,Ranga Reddy,28,41749.0,50760.0,879325.0,0.0,9.0,1491.0357142857142,0.822478329393223,21.062181130086948
1581395,537.0,Ranga Reddy,28,26630.0,30758.0,577319.0,56810.0,0.0,951.0714285714286,0.8657910137200078,21.679271498310175
1581399,537.0,Ranga Reddy,28,27035.0,32370.0,568528.0,0.0,0.0,965.5357142857143,0.8351869014519617,21.02933234695765
1581405,537.0,Ranga Reddy,28,63148.0,71367.0,1428588.0,96000.0,10.0,2255.285714285714,0.8848347275351353,22.62285424716539
1581409,537.0,Ranga Reddy,28,37831.0,49870.0,847592.0,0.0,0.0,1351.107142857143,0.7585923400842189,22.404694562660254
1581640,537.0,Ranga Reddy,28,31608.0,33573.0,651528.0,28800.0,0.0,1128.857142857143,0.9414708247699044,20.612756264236904
1581641,537.0,Ranga Reddy,28,61366.0,70198.0,1353767.0,105500.0,12.0,2191.6428571428573,0.8741844496994217,22.060538408890917
1581646,537.0,Ranga Reddy,28,33554.0,36495.0,703385.0,0.0,28.0,1198.357142857143,0.9194136183038772,20.962776420098944
1581647,537.0,Ranga Reddy,28,48254.0,49824.0,1102268.0,98300.0,28.0,1723.357142857143,0.9684890815671162,22.843038919053342
1581648,537.0,Ranga Reddy,28,48264.0,48256.0,1032805.0,97250.0,15.0,1723.7142857142858,1.0001657824933687,21.399075915796452
1581695,537.0,Ranga Reddy,28,31451.0,34522.0,647947.0,3000.0,0.0,1123.25,0.9110422339377788,20.60179326571492
1583004,537.0,Ranga Reddy,28,33142.0,30427.0,684513.0,71148.0,0.0,1183.642857142857,1.089229960232688,20.653943636473358
1583005,537.0,Ranga Reddy,28,42828.0,42505.0,964139.0,89490.0,931.0,1529.5714285714287,1.0075991059875309,22.511884748295508
1583057,537.0,Ranga Reddy,28,40821.0,36425.0,913493.0,78113.0,8.0,1457.892857142857,1.1206863417982156,22.378016217143138
1583059,537.0,Ranga Reddy,28,44412.0,37836.0,951524.0,114148.0,0.0,1586.142857142857,1.173802727561053,21.424930199045303
1583062,537.0,Ranga Reddy,28,31441.0,32848.0,750470.0,74773.0,25.0,1122.892857142857,0.9571663419386264,23.869151744537387
1583202,537.0,Ranga Reddy,28,37076.0,36605.0,788502.0,22820.0,56.0,1324.142857142857,1.0128670946591996,21.2671809256662
1583239,537.0,Ranga Reddy,28,40257.0,34176.0,821631.0,70954.0,24.0,1437.75,1.177931882022472,20.40964304344586
1583266,537.0,Ranga Reddy,28,61917.0,59584.0,1493757.0,57130.0,98.0,2211.3214285714284,1.039154806659506,24.12515141237463
1583376,537.0,Ranga Reddy,28,27215.0,39152.0,657308.0,83293.0,71.0,971.9642857142857,0.6951113608500205,24.152415947088002
1583390,537.0,Ranga Reddy,28,29032.0,28651.0,611062.0,38045.0,34.0,1036.857142857143,1.01329796516701,21.047878203361808
1583391,537.0,Ranga Reddy,28,33516.0,33928.0,840380.0,97511.0,58.0,1197.0,0.9878566375854752,25.073994510084734
1583394,537.0,Ranga Reddy,28,27104.0,38376.0,574251.0,36000.0,0.0,968.0,0.7062747550552428,21.186946576151122
1583401,537.0,Ranga Reddy,28,44864.0,37297.0,958166.0,69280.0,12.0,1602.2857142857142,1.2028849505322143,21.357123751783167
1583402,537.0,Ranga Reddy,28,51708.0,50800.0,1150837.0,75100.0,16.0,1846.7142857142858,1.0178740157480315,22.25645934865011
1583618,537.0,Ranga Reddy,28,29531.0,28568.0,607413.0,47202.0,0.0,1054.6785714285713,1.0337090450854103,20.568656665876535
1583619,537.0,Ranga Reddy,28,30200.0,34064.0,664919.0,72833.0,173.0,1078.5714285714287,0.8865664631282292,22.017185430463577
1583620,537.0,Ranga Reddy,28,50744.0,43278.0,1115851.0,136620.0,27.0,1812.2857142857142,1.1725125930033735,21.989811603342268
1583622,537.0,Ranga Reddy,28,34094.0,29226.0,757338.0,89768.0,0.0,1217.642857142857,1.1665640183398345,22.21323400011732
1583624,537.0,Ranga Reddy,28,46313.0,48122.0,1102217.0,109407.0,22.0,1654.0357142857142,0.962408046215868,23.799300412411203
1583625,537.0,Ranga Reddy,28,46376.0,52155.0,1093122.0,119800.0,17.0,1656.2857142857142,0.8891956667625347,23.57085561497326
1583626,537.0,Ranga Reddy,28,28073.0,39139.0,633836.0,76150.0,0.0,1002.6071428571429,0.7172641099670406,22.578135575107755
1583627,537.0,Ranga Reddy,28,43478.0,47642.0,1008762.0,130753.0,0.0,1552.7857142857142,0.9125981277024474,23.20166520999126
1583628,537.0,Ranga Reddy,28,34911.0,33858.0,842366.0,98580.0,0.0,1246.8214285714287,1.0311004784688995,24.128956489358654
1583630,537.0,Ranga Reddy,28,31366.0,28039.0,652267.0,76427.0,66.0,1120.2142857142858,1.1186561574949179,20.79535165465791
1583631,537.0,Ranga Reddy,28,46833.0,41373.0,1025770.0,131028.0,0.0,1672.607142857143,1.1319701254441303,21.90271816881259
1583632,537.0,Ranga Reddy,28,57349.0,50500.0,1308752.0,174662.0,2512.0,2048.1785714285716,1.1356237623762375,22.82083384191529
1583633,537.0,Ranga Reddy,28,29176.0,43499.0,678373.0,98928.0,30.0,1042.0,0.6707280627140854,23.251062517137374
1583637,537.0,Ranga Reddy,28,26504.0,32679.0,568560.0,0.0,0.0,946.5714285714286,0.8110407295204871,21.4518563235738
1583747,537.0,Ranga Reddy,28,28876.0,26719.0,666724.0,87562.0,18.0,1031.2857142857142,1.0807290692016918,23.089209031721847
1585087,537.0,Ranga Reddy,28,32651.0,28999.0,693830.0,51980.0,0.0,1166.107142857143,1.1259353770819684,21.24988514900003
1585088,537.0,Ranga Reddy,28,57507.0,38096.0,1155274.0,131323.0,35.0,2053.8214285714284,1.5095285594288115,20.0892760881284
1585089,537.0,Ranga Reddy,28,28112.0,21594.0,567596.0,50807.0,15.0,1004.0,1.3018431045660832,20.190523619806488
1585090,537.0,Ranga Reddy,28,38582.0,33221.0,795204.0,87702.0,825.0,1377.9285714285713,1.1613738298064478,20.610751127468767
1585141,537.0,Ranga Reddy,28,33854.0,53269.0,787515.0,115204.0,50.0,1209.0714285714287,0.6355291069853011,23.262096059549833
1585144,537.0,Ranga Reddy,28,28559.0,30355.0,687595.0,64975.0,100.0,1019.9642857142857,0.9408334705979245,24.076298189712524
1585165,537.0,Ranga Reddy,28,46270.0,35544.0,944418.0,96803.0,764.0,1652.5,1.3017668242178708,20.411022260644046
1585168,537.0,Ranga Reddy,28,26763.0,32062.0,555284.0,70275.0,70.0,955.8214285714286,0.8347264674692783,20.748197137839554
1585178,537.0,Ranga Reddy,28,40671.0,33954.0,832834.0,85837.0,514.0,1452.5357142857142,1.1978264711079696,20.477342578249857
1585179,537.0,Ranga Reddy,28,26644.0,23248.0,553797.0,62676.0,353.0,951.5714285714286,1.1460770818995183,20.78505479657709
1585182,537.0,Ranga Reddy,28,53514.0,41026.0,1103973.0,126944.0,529.0,1911.2142857142858,1.304392336567055,20.62961094293082
1585187,537.0,Ranga Reddy,28,28774.0,28438.0,602498.0,35977.0,251.0,1027.642857142857,1.011815176876011,20.93897268367276
1585188,537.0,Ranga Reddy,28,29476.0,26854.0,594226.0,32735.0,329.0,1052.7142857142858,1.09763908542489,20.15965531279685
1585197,537.0,Ranga Reddy,28,46458.0,30221.0,944454.0,96550.0,240.0,1659.2142857142858,1.5372754045200356,20.3292005682552
1585226,537.0,Ranga Reddy,28,30726.0,32056.0,635779.0,66498.0,600.0,1097.357142857143,0.9585101073122037,20.69188960489488
1585267,537.0,Ranga Reddy,28,28275.0,24749.0,600997.0,34810.0,1437.0,1009.8214285714286,1.1424704028445594,21.255419982316536
1585300,537.0,Ranga Reddy,28,28940.0,22372.0,662561.0,79030.0,120.0,1033.5714285714287,1.293581262292151,22.894298548721494
1585318,537.0,Ranga Reddy,28,26327.0,21829.0,557836.0,60557.0,690.0,940.25,1.2060561638187732,21.18874159608007
1585326,537.0,Ranga Reddy,28,27442.0,24002.0,558869.0,68367.0,205.0,980.0714285714286,1.1433213898841763,20.365461701042197
1585327,537.0,Ranga Reddy,28,39974.0,34666.0,822124.0,94743.0,1584.0,1427.642857142857,1.1531183291986384,20.566468204332818
1585330,537.0,Ranga Reddy,28,32204.0,28846.0,651135.0,64932.0,0.0,1150.142857142857,1.1164112875268668,20.219072164948454
1585331,537.0,Ranga Reddy,28,44281.0,32507.0,909904.0,71744.0,257.0,1581.4642857142858,1.3621989110037838,20.54840676588153
1585332,537.0,Ranga Reddy,28,29090.0,30304.0,590533.0,67294.0,79.0,1038.9285714285713,0.9599392819429778,20.300206256445513
1585345,537.0,Ranga Reddy,28,34012.0,31291.0,714165.0,73964.0,456.0,1214.7142857142858,1.0869579112204788,20.99744207926614
1585354,537.0,Ranga Reddy,28,50490.0,40684.0,1028529.0,80704.0,451.0,1803.2142857142858,1.2410284141185723,20.370944741532977
1585365,537.0,Ranga Reddy,28,33602.0,30818.0,700649.0,44873.0,229.0,1200.0714285714287,1.090336816146408,20.851407654306293
1585377,537.0,Ranga Reddy,28,44686.0,33636.0,917586.0,101876.0,741.0,1595.9285714285713,1.3285170650493519,20.534082262901133
1585379,537.0,Ranga Reddy,28,35692.0,25190.0,738521.0,52680.0,686.0,1274.7142857142858,1.4169114728066694,20.691499495685306
1585382,537.0,Ranga Reddy,28,33620.0,34836.0,686387.0,79289.0,341.0,1200.7142857142858,0.9650935813526237,20.41603212373587
1585393,537.0,Ranga Reddy,28,33590.0,26699.0,671524.0,60803.0,3.0,1199.642857142857,1.258099554290423,19.99178326883001
1585406,537.0,Ranga Reddy,28,49428.0,36154.0,1052790.0,89385.0,211.0,1765.2857142857142,1.3671516291420036,21.29946588977907
1585407,537.0,Ranga Reddy,28,45110.0,29237.0,950845.0,72953.0,160.0,1611.0714285714287,1.5429079590929302,21.07836399911328
1585408,537.0,Ranga Reddy,28,30760.0,22500.0,632850.0,54975.0,46.0,1098.5714285714287,1.3671111111111112,20.573797139141742
1585651,537.0,Ranga Reddy,28,33948.0,33273.0,787858.0,89894.0,131.0,1212.4285714285713,1.02028671896132,23.207788382231648
1585653,537.0,Ranga Reddy,28,39267.0,32173.0,795606.0,99344.0,531.0,1402.392857142857,1.2204954464924005,20.26144090457636
1585656,537.0,Ranga Reddy,28,37547.0,30708.0,782882.0,92479.0,541.0,1340.9642857142858,1.2227106942816204,20.850720430393906
1585657,537.0,Ranga Reddy,28,31834.0,26843.0,660319.0,72660.0,343.0,1136.9285714285713,1.1859330179190106,20.742570836212852
1585660,537.0,Ranga Reddy,28,35705.0,31372.0,745807.0,89304.0,524.0,1275.1785714285713,1.1381167920438608,20.888026886990616
1585662,537.0,Ranga Reddy,28,44636.0,33385.0,913105.0,115479.0,587.0,1594.142857142857,1.3370076381608507,20.456694148221167
1585663,537.0,Ranga Reddy,28,26049.0,24031.0,522444.0,65523.0,267.0,930.3214285714286,1.083974865798344,20.05620177358056
1585666,537.0,Ranga Reddy,28,34481.0,31018.0,728623.0,83536.0,1301.0,1231.4642857142858,1.11164485137662,21.131144688379106
1585667,537.0,Ranga Reddy,28,31388.0,26522.0,651469.0,70700.0,722.0,1121.0,1.1834703265213784,20.75535236396075
1585669,537.0,Ranga Reddy,28,30685.0,26520.0,603503.0,47840.0,49.0,1095.892857142857,1.1570512820512822,19.66768779533974
1585671,537.0,Ranga Reddy,28,30091.0,28838.0,626645.0,66935.0,761.0,1074.6785714285713,1.0434496150911992,20.8249975075604
1585672,537.0,Ranga Reddy,28,35593.0,32227.0,713334.0,40341.0,308.0,1271.1785714285713,1.1044465820585223,20.041412637316327
1585673,537.0,Ranga Reddy,28,32938.0,26703.0,666647.0,63473.0,425.0,1176.357142857143,1.2334943639291465,20.23944987552371
1585674,537.0,Ranga Reddy,28,33976.0,31872.0,672451.0,84088.0,229.0,1213.4285714285713,1.0660140562248996,19.791941370379092
1585683,537.0,Ranga Reddy,28,40654.0,25890.0,835102.0,63568.0,191.0,1451.9285714285713,1.5702587871765161,20.541693314311015
1585684,537.0,Ranga Reddy,28,37075.0,25409.0,751762.0,62930.0,237.0,1324.107142857143,1.459128655200913,20.2767902899528
1585685,537.0,Ranga Reddy,28,32449.0,24393.0,680206.0,42100.0,347.0,1158.892857142857,1.330258680769073,20.96231008659743
1585686,537.0,Ranga Reddy,28,34177.0,23156.0,737971.0,45038.0,28.0,1220.607142857143,1.47594575919848,21.592620768352987
1585700,537.0,Ranga Reddy,28,27845.0,22714.0,587439.0,61341.0,950.0,994.4642857142857,1.22589592321916,21.09674986532591
1585702,537.0,Ranga Reddy,28,26744.0,23843.0,550614.0,59228.0,378.0,955.1428571428571,1.1216709306714758,20.58831887526174
1585703,537.0,Ranga Reddy,28,44432.0,34860.0,926041.0,101959.0,493.0,1586.857142857143,1.2745840504876649,20.84175819229384
1585704,537.0,Ranga Reddy,28,42148.0,24641.0,855006.0,56406.0,199.0,1505.2857142857142,1.7104825291181365,20.285802410553288
1585706,537.0,Ranga Reddy,28,37677.0,29036.0,764291.0,88594.0,831.0,1345.607142857143,1.297596087615374,20.28534649786342
1585708,537.0,Ranga Reddy,28,34160.0,27192.0,733065.0,73062.0,975.0,1220.0,1.2562518387761106,21.45974824355972
1585709,537.0,Ranga Reddy,28,30583.0,25390.0,616980.0,45635.0,178.0,1092.25,1.2045293422607326,20.17395284962234
1585710,537.0,Ranga Reddy,28,29628.0,23284.0,592631.0,44708.0,239.0,1058.142857142857,1.2724617763270916,20.002396381801
1585711,537.0,Ranga Reddy,28,27114.0,19830.0,565264.0,56702.0,549.0,968.3571428571429,1.36732223903177,20.847680165228294
1585762,537.0,Ranga Reddy,28,34813.0,24270.0,690796.0,72913.0,481.0,1243.3214285714287,1.434404614750721,19.843047137563556
1585764,537.0,Ranga Reddy,28,44248.0,38593.0,904854.0,97029.0,4.0,1580.2857142857142,1.146529163319773,20.44960224190924
1595001,537.0,Ranga Reddy,28,27700.0,31647.0,594412.0,0.0,54.0,989.2857142857143,0.875280437324233,21.458916967509026
1596002,537.0,Ranga Reddy,28,65592.0,84735.0,1402492.0,0.0,0.0,2342.5714285714284,0.7740839086563993,21.38205878765703
1596003,537.0,Ranga Reddy,28,32577.0,28425.0,747890.0,0.0,0.0,1163.4642857142858,1.1460686015831134,22.95760812843417
1596006,537.0,Ranga Reddy,28,34480.0,35490.0,734356.0,0.0,0.0,1231.4285714285713,0.9715412792335869,21.298027842227377
1596015,537.0,Ranga Reddy,28,31459.0,29683.0,684300.0,0.0,0.0,1123.5357142857142,1.0598322272007545,21.75212180933914
1596016,537.0,Ranga Reddy,28,37338.0,35322.0,822777.0,0.0,0.0,1333.5,1.0570749108204518,22.03591515346296
1596017,537.0,Ranga Reddy,28,30270.0,20245.0,633239.0,0.0,0.0,1081.0714285714287,1.495183996048407,20.919689461513048
1596018,537.0,Ranga Reddy,28,37189.0,37695.0,788202.0,0.0,0.0,1328.1785714285713,0.9865764690277226,21.194492995240527
1596019,537.0,Ranga Reddy,28,40649.0,27269.0,851648.0,0.0,0.0,1451.75,1.4906670578312369,20.951265713793696
1596020,537.0,Ranga Reddy,28,25944.0,18556.0,554675.0,0.0,0.0,926.5714285714286,1.3981461521879714,21.379702436016036
1596021,537.0,Ranga Reddy,28,33872.0,33656.0,738060.0,0.0,0.0,1209.7142857142858,1.0064178749702877,21.789678790741615
1596022,537.0,Ranga Reddy,28,29581.0,21702.0,624683.0,0.0,0.0,1056.4642857142858,1.3630540963966455,21.11771069267435
1596025,537.0,Ranga Reddy,28,29695.0,30903.0,632563.0,0.0,0.0,1060.5357142857142,0.9609099440183801,21.302003704327326
1596029,537.0,Ranga Reddy,28,33905.0,38068.0,729041.0,0.0,0.0,1210.892857142857,0.8906430597877483,21.50246276360419
1596035,537.0,Ranga Reddy,28,45988.0,35194.0,1008443.0,0.0,0.0,1642.4285714285713,1.3067000056827869,21.928394363747064
1596036,537.0,Ranga Reddy,28,34188.0,27812.0,725882.0,0.0,0.0,1221.0,1.2292535596145548,21.232069732069732
1599002,537.0,Ranga Reddy,28,64607.0,45461.0,1395437.0,0.0,0.0,2307.3928571428573,1.4211521963881129,21.598851517637407
1599003,537.0,Ranga Reddy,28,55529.0,62635.0,1255530.0,0.0,0.0,1983.1785714285713,0.8865490540432666,22.610347746222693
1599004,537.0,Ranga Reddy,28,67466.0,67352.0,1550053.0,0.0,0.0,2409.5,1.0016926000712674,22.975320902380457
1599005,537.0,Ranga Reddy,28,66537.0,71763.0,1537496.0,0.0,0.0,2376.3214285714284,0.927176957485055,23.107383861610835
1599006,537.0,Ranga Reddy,28,33332.0,31010.0,701432.0,0.0,0.0,1190.4285714285713,1.074879071267333,21.04380175207008
1599007,537.0,Ranga Reddy,28,53655.0,42883.0,1083452.0,0.0,0.0,1916.25,1.2511951122822564,20.192936352623242
1599008,537.0,Ranga Reddy,28,39798.0,37158.0,825863.0,0.0,0.0,1421.357142857143,1.0710479573712255,20.75136941554852
1599010,537.0,Ranga Reddy,28,53901.0,37081.0,1095478.0,0.0,0.0,1925.0357142857142,1.4536015749305575,20.323890094803435
1599011,537.0,Ranga Reddy,28,53695.0,56825.0,1059142.0,0.0,0.0,1917.6785714285713,0.944918609766828,19.72515131762734
1599013,537.0,Ranga Reddy,28,49982.0,32947.0,1013374.0,0.0,0.0,1785.0714285714287,1.5170425228397122,20.274778920411347
1599014,537.0,Ranga Reddy,18,23649.0,21558.0,510517.0,0.0,0.0,1313.8333333333333,1.096994155301976,21.587255275064486
1599015,537.0,Ranga Reddy,18,28419.0,21209.0,619773.0,0.0,0.0,1578.8333333333333,1.3399500212174078,21.80840282909321
1599016,537.0,Ranga Reddy,18,22982.0,21901.0,580369.0,0.0,0.0,1276.7777777777778,1.0493584767818822,25.253198155077886
1599018,537.0,Ranga Reddy,16,21965.0,22733.0,551667.0,0.0,0.0,1372.8125,0.9662165134386135,25.11572956977009
1599020,537.0,Ranga Reddy,16,24955.0,20439.0,616090.0,0.0,0.0,1559.6875,1.2209501443319144,24.688038469244642
1599023,537.0,Ranga Reddy,16,22829.0,18991.0,450602.0,0.0,0.0,1426.8125,1.2020957295561054,19.73814008497963
1599024,537.0,Ranga Reddy,16,18765.0,20892.0,464581.0,0.0,0.0,1172.8125,0.898190695002872,24.75784705568878
1671106,536.0,Hyderabad,28,36753.0,37180.0,930470.0,130900.0,1112.0,1312.607142857143,0.9885153308230231,25.316844883410877
1671109,536.0,Hyderabad,28,27265.0,18461.0,636590.0,100787.0,1999.0,973.75,1.4768972428362495,23.34824867045663
1671113,536.0,Hyderabad,28,27591.0,33670.0,604735.0,65100.0,767.0,985.3928571428571,0.8194535194535194,21.917835526077344
1671124,536.0,Hyderabad,28,29512.0,26906.0,727725.0,127949.0,1085.0,1054.0,1.0968557199137738,24.65861344537815
1671126,536.0,Hyderabad,28,46377.0,36044.0,1161558.0,174106.0,3410.0,1656.3214285714287,1.2866773942958607,25.045992625654957
1671129,536.0,Hyderabad,28,34296.0,39792.0,851156.0,88700.0,1528.0,1224.857142857143,0.861881785283474,24.817937951947748
1671131,536.0,Hyderabad,28,48494.0,40993.0,1140281.0,102135.0,3585.0,1731.9285714285713,1.1829824604200718,23.513857384418692
1671136,536.0,Hyderabad,28,26616.0,32904.0,611398.0,46235.0,1239.0,950.5714285714286,0.8088986141502553,22.97107003306282
1671137,536.0,Hyderabad,28,33225.0,32892.0,731693.0,91526.0,1707.0,1186.607142857143,1.010124042320321,22.022362678705793
1671141,536.0,Hyderabad,28,39919.0,31173.0,870902.0,98368.0,2276.0,1425.6785714285713,1.2805633079908896,21.816728875973848
1671143,536.0,Hyderabad,28,30841.0,21992.0,665545.0,80500.0,1082.0,1101.4642857142858,1.4023735903965078,21.579877435880807
1671145,536.0,Hyderabad,28,30287.0,20853.0,624887.0,66950.0,667.0,1081.6785714285713,1.4524049297463195,20.632185426090402
1671146,536.0,Hyderabad,28,33085.0,23365.0,690365.0,87866.0,360.0,1181.607142857143,1.4160068478493473,20.8664047151277
1671149,536.0,Hyderabad,28,40642.0,35883.0,1016277.0,162427.0,1287.0,1451.5,1.1326254772454922,25.005585355051423
1671151,536.0,Hyderabad,28,26680.0,31208.0,614190.0,88188.0,1830.0,952.8571428571429,0.8549089976928993,23.020614692653673
1671152,536.0,Hyderabad,28,43679.0,35972.0,1105293.0,178209.0,1741.0,1559.9642857142858,1.2142499722006004,25.30490624785366
1671154,536.0,Hyderabad,28,38520.0,36065.0,945049.0,144913.0,2027.0,1375.7142857142858,1.068071537501733,24.533982346832815
1671155,536.0,Hyderabad,28,27979.0,26314.0,722952.0,124195.0,1544.0,999.25,1.0632743026525804,25.839093605918723
1671156,536.0,Hyderabad,28,30225.0,26284.0,787408.0,123546.0,1806.0,1079.4642857142858,1.1499391264647694,26.051546732837057
1671157,536.0,Hyderabad,28,33388.0,26627.0,799814.0,115681.0,2919.0,1192.4285714285713,1.2539151988583017,23.955133580927278
1671160,536.0,Hyderabad,28,26034.0,27002.0,610239.0,108171.0,2153.0,929.7857142857143,0.9641508036441745,23.44007835906891
1671161,536.0,Hyderabad,28,35888.0,26183.0,816626.0,135002.0,2403.0,1281.7142857142858,1.3706603521368828,22.754848417298263
1671162,536.0,Hyderabad,28,29450.0,26190.0,734158.0,121709.0,961.0,1051.7857142857142,1.1244749904543718,24.928964346349744
1671169,536.0,Hyderabad,28,46238.0,36002.0,1181581.0,192946.0,989.0,1651.357142857143,1.2843175379145604,25.554327609325664
1671171,536.0,Hyderabad,28,28775.0,36000.0,701822.0,130655.0,915.0,1027.6785714285713,0.7993055555555556,24.389991311902694
1671180,536.0,Hyderabad,28,27268.0,35999.0,663187.0,122060.0,786.0,973.8571428571429,0.7574654851523653,24.321072319201996
1671183,536.0,Hyderabad,28,47429.0,37359.0,1226198.0,207542.0,2735.0,1693.892857142857,1.269546829411922,25.85333867465053
1671185,536.0,Hyderabad,28,34256.0,41620.0,856283.0,155862.0,1379.0,1223.4285714285713,0.8230658337337818,24.99658453993461
1671186,536.0,Hyderabad,28,37637.0,39401.0,958972.0,143344.0,1524.0,1344.1785714285713,0.9552295627014543,25.479501554321544
1671187,536.0,Hyderabad,28,39893.0,33994.0,978067.0,132180.0,1639.0,1424.75,1.1735306230511267,24.517258666934048
1671193,536.0,Hyderabad,28,29594.0,27221.0,657591.0,89965.0,1870.0,1056.9285714285713,1.087175342566401,22.220416300601475
1671194,536.0,Hyderabad,28,44229.0,30259.0,985195.0,115551.0,3854.0,1579.607142857143,1.461680822234707,22.274864907639785
1671198,536.0,Hyderabad,28,31252.0,34808.0,653889.0,75796.0,447.0,1116.142857142857,0.8978395771087107,20.923108921029055
1671199,536.0,Hyderabad,28,42689.0,34791.0,880255.0,106145.0,510.0,1524.607142857143,1.2270127331781209,20.62018318536391
1671201,536.0,Hyderabad,28,37447.0,35252.0,885876.0,149171.0,2036.0,1337.392857142857,1.0622659707250652,23.656794936844072
1671202,536.0,Hyderabad,28,35752.0,36031.0,890994.0,154364.0,1494.0,1276.857142857143,0.9922566678693348,24.921514880286416
1671203,536.0,Hyderabad,28,30016.0,39435.0,731584.0,22500.0,2545.0,1072.0,0.7611512615696716,24.37313432835821
1671205,536.0,Hyderabad,28,43084.0,35971.0,986141.0,123417.0,2707.0,1538.7142857142858,1.1977426260042812,22.888798625940023
1672206,536.0,Hyderabad,28,28523.0,29979.0,669946.0,111179.0,1746.0,1018.6785714285714,0.9514326695353414,23.487922027837183
1672208,536.0,Hyderabad,28,40820.0,36132.0,960813.0,145156.0,2606.0,1457.857142857143,1.1297464851101517,23.53780009799118
1672211,536.0,Hyderabad,28,30857.0,27876.0,732011.0,128846.0,1438.0,1102.0357142857142,1.1069378676998134,23.72268853096542
1672212,536.0,Hyderabad,28,35875.0,33577.0,884197.0,122871.0,1465.0,1281.25,1.0684397057509605,24.646606271777003
1672214,536.0,Hyderabad,28,39199.0,36158.0,962985.0,150412.0,1762.0,1399.9642857142858,1.084103103047735,24.566570575779995
1672215,536.0,Hyderabad,28,46354.0,42203.0,1219931.0,195159.0,898.0,1655.5,1.0983579366395755,26.317707209733786
1672216,536.0,Hyderabad,28,32996.0,36214.0,857016.0,144382.0,1487.0,1178.4285714285713,0.9111393383774231,25.973330100618256
1672219,536.0,Hyderabad,28,34016.0,33359.0,875028.0,129654.0,1113.0,1214.857142857143,1.0196948349770676,25.724012229539042
1672223,536.0,Hyderabad,28,27698.0,29780.0,689915.0,114958.0,640.0,989.2142857142857,0.9300873069173943,24.90847714636436
1672228,536.0,Hyderabad,28,31375.0,36216.0,809350.0,130417.0,1169.0,1120.5357142857142,0.8663297989838745,25.79601593625498
1672234,536.0,Hyderabad,28,35529.0,36605.0,772597.0,126445.0,1996.0,1268.892857142857,0.9706051085917224,21.745531819077375
1672236,536.0,Hyderabad,28,36359.0,36208.0,930730.0,132400.0,2308.0,1298.5357142857142,1.004170349094123,25.598338788195495
1672240,536.0,Hyderabad,28,36858.0,32856.0,841220.0,119580.0,2919.0,1316.357142857143,1.1218042366691015,22.82326767594552
1672242,536.0,Hyderabad,28,31487.0,30047.0,713815.0,111329.0,418.0,1124.5357142857142,1.0479249176290477,22.67014958554324
1672243,536.0,Hyderabad,28,27291.0,26885.0,684253.0,111765.0,1386.0,974.6785714285714,1.0151013576343686,25.07247810633542
1672244,536.0,Hyderabad,28,31119.0,37235.0,801746.0,139045.0,2041.0,1111.392857142857,0.8357459379615952,25.763874160480736
1672245,536.0,Hyderabad,28,27587.0,36965.0,640175.0,95697.0,1752.0,985.25,0.7463005545786555,23.20567658679813
1672248,536.0,Hyderabad,28,27377.0,36007.0,655857.0,106996.0,2039.0,977.75,0.7603243813702891,23.95649632903532
1672250,536.0,Hyderabad,28,32177.0,35514.0,785172.0,139846.0,2131.0,1149.1785714285713,0.9060370558089768,24.401653354880814
1672251,536.0,Hyderabad,28,29748.0,36044.0,716242.0,122500.0,1739.0,1062.4285714285713,0.825324603262679,24.076979965039666
1672254,536.0,Hyderabad,28,27468.0,28294.0,568798.0,102800.0,1747.0,981.0,0.9708065314200891,20.707659822338723
1672261,536.0,Hyderabad,28,28885.0,35998.0,639946.0,118004.0,2507.0,1031.607142857143,0.8024056892049558,22.15495932144712
1672262,536.0,Hyderabad,28,32452.0,36334.0,881921.0,137907.0,1694.0,1159.0,0.8931579237078219,27.176167878713176
1672266,536.0,Hyderabad,28,32953.0,36408.0,833144.0,142512.0,1692.0,1176.892857142857,0.905103274005713,25.28279671046642
1672268,536.0,Hyderabad,28,37452.0,35194.0,849904.0,143689.0,2696.0,1337.5714285714287,1.0641586634085356,22.693153903663354
1672270,536.0,Hyderabad,28,32466.0,35701.0,822568.0,145395.0,861.0,1159.5,0.9093862917005126,25.336290272900882
1672271,536.0,Hyderabad,28,45625.0,35984.0,1152579.0,178105.0,1750.0,1629.4642857142858,1.267924633170298,25.262005479452053
1672272,536.0,Hyderabad,28,34886.0,34173.0,785954.0,136943.0,2697.0,1245.9285714285713,1.0208644251309513,22.529209424984234
1672273,536.0,Hyderabad,28,34264.0,36855.0,783662.0,140601.0,3585.0,1223.7142857142858,0.9296974630307964,22.871293485874386
1672277,536.0,Hyderabad,28,40460.0,36263.0,1026925.0,134480.0,184.0,1445.0,1.115737804373604,25.381240731586754
1672278,536.0,Hyderabad,28,39478.0,36013.0,995827.0,161759.0,1225.0,1409.9285714285713,1.0962152556021436,25.224859415370585
1672279,536.0,Hyderabad,28,35279.0,29967.0,944927.0,128729.0,1543.0,1259.9642857142858,1.177261654486602,26.784404319850335
1672282,536.0,Hyderabad,28,32654.0,29965.0,860551.0,122212.0,464.0,1166.2142857142858,1.089738027698982,26.35361670851963
1672283,536.0,Hyderabad,28,28109.0,36011.0,700967.0,123795.0,1021.0,1003.8928571428571,0.780567048957263,24.93745775374435
1672284,536.0,Hyderabad,28,32287.0,35949.0,780441.0,137900.0,1540.0,1153.107142857143,0.8981334668558235,24.171988726112676
1672285,536.0,Hyderabad,28,28231.0,35101.0,626400.0,73475.0,768.0,1008.25,0.8042790803680807,22.188374481952465
1672288,536.0,Hyderabad,28,50622.0,39713.0,1249474.0,217142.0,3608.0,1807.9285714285713,1.274695943393851,24.682430563786497
1672289,536.0,Hyderabad,28,34719.0,34595.0,928211.0,142689.0,1381.0,1239.9642857142858,1.0035843329960976,26.734957804084218
1672292,536.0,Hyderabad,28,34854.0,36065.0,824230.0,137446.0,2738.0,1244.7857142857142,0.9664217385276584,23.648074826418775
1672294,536.0,Hyderabad,28,35052.0,36666.0,903039.0,145435.0,550.0,1251.857142857143,0.955981017836688,25.762838069154398
1672295,536.0,Hyderabad,28,37133.0,35111.0,815476.0,123091.0,1839.0,1326.1785714285713,1.0575887898379426,21.960951175504267
1672296,536.0,Hyderabad,28,28606.0,34505.0,775749.0,121847.0,715.0,1021.6428571428571,0.8290392696710621,27.11840173390198
1672297,536.0,Hyderabad,28,33724.0,37741.0,864838.0,148882.0,909.0,1204.4285714285713,0.8935640285101084,25.644585458427233
1672298,536.0,Hyderabad,28,26044.0,34957.0,564971.0,98560.0,663.0,930.1428571428571,0.7450296078038733,21.692942712332975
1672299,536.0,Hyderabad,28,28212.0,33661.0,747360.0,119847.0,590.0,1007.5714285714286,0.8381212679361872,26.490854955338154
1672300,536.0,Hyderabad,28,37790.0,36305.0,948214.0,165699.0,1650.0,1349.642857142857,1.0409034568241289,25.09166446149775
1672301,536.0,Hyderabad,28,41061.0,37927.0,1040010.0,134258.0,551.0,1466.4642857142858,1.0826324254488886,25.328413823336014
1672302,536.0,Hyderabad,28,33505.0,35579.0,770287.0,104829.0,1912.0,1196.607142857143,0.9417071868236881,22.99021041635577
1672303,536.0,Hyderabad,28,38436.0,36149.0,950366.0,154837.0,1684.0,1372.7142857142858,1.0632659271349139,24.725934020189406
1672304,536.0,Hyderabad,28,34390.0,34976.0,836947.0,147558.0,1709.0,1228.2142857142858,0.9832456541628545,24.336929339924396
1672306,536.0,Hyderabad,28,45965.0,36039.0,1253685.0,160063.0,2072.0,1641.607142857143,1.2754238463886345,27.2747742847819
1672307,536.0,Hyderabad,28,36434.0,36014.0,919467.0,139913.0,2048.0,1301.2142857142858,1.011662131393347,25.236509853433606
1672308,536.0,Hyderabad,28,36900.0,39755.0,891513.0,165930.0,2199.0,1317.857142857143,0.9281851339454157,24.160243902439024
1672315,536.0,Hyderabad,28,30036.0,36000.0,698325.0,136032.0,50.0,1072.7142857142858,0.8343333333333334,23.24960047942469
1672316,536.0,Hyderabad,28,38540.0,36029.0,913137.0,170519.0,5.0,1376.4285714285713,1.069693857725721,23.693227815256876
1672317,536.0,Hyderabad,28,29962.0,32519.0,740967.0,132086.0,1.0,1070.0714285714287,0.9213690457886159,24.73022495160537
1672318,536.0,Hyderabad,28,30465.0,32490.0,739645.0,125709.0,16.0,1088.0357142857142,0.9376731301939059,24.278516330215
1672319,536.0,Hyderabad,28,27346.0,35997.0,672466.0,125016.0,1.0,976.6428571428571,0.7596744173125538,24.591018796167628
1673301,536.0,Hyderabad,28,34775.0,29448.0,819857.0,122443.0,1252.0,1241.9642857142858,1.1808951371909806,23.5760460100647
1673302,536.0,Hyderabad,28,26523.0,33105.0,643725.0,120497.0,1096.0,947.25,0.8011780697779791,24.270444519850695
1673304,536.0,Hyderabad,28,32123.0,25244.0,709861.0,127128.0,2964.0,1147.25,1.2725003961337347,22.098216231360706
1673306,536.0,Hyderabad,28,38559.0,36129.0,879117.0,140874.0,469.0,1377.107142857143,1.067258988624097,22.79926865323271
1673309,536.0,Hyderabad,28,33420.0,33979.0,773537.0,132020.0,407.0,1193.5714285714287,0.9835486624091351,23.145930580490724
1673312,536.0,Hyderabad,28,27067.0,29927.0,669325.0,110639.0,244.0,966.6785714285714,0.904434123032713,24.72845162005394
1673316,536.0,Hyderabad,28,30742.0,33444.0,686196.0,138759.0,508.0,1097.9285714285713,0.9192082286807798,22.321124194912496
1673318,536.0,Hyderabad,28,32054.0,25124.0,720844.0,124137.0,921.0,1144.7857142857142,1.275831873905429,22.488425781493728
1673325,536.0,Hyderabad,28,36604.0,33620.0,796062.0,148965.0,465.0,1307.2857142857142,1.0887566924449732,21.74795104360179
1673329,536.0,Hyderabad,28,37048.0,36080.0,886302.0,151189.0,1870.0,1323.142857142857,1.026829268292683,23.923072770459942
1673354,536.0,Hyderabad,28,31425.0,28348.0,687331.0,135413.0,1206.0,1122.3214285714287,1.1085438126146465,21.87210819411297
1673358,536.0,Hyderabad,28,41167.0,37404.0,1060552.0,180854.0,1201.0,1470.25,1.1006042134531067,25.762188160419754
1673359,536.0,Hyderabad,28,28285.0,30541.0,664341.0,124399.0,113.0,1010.1785714285714,0.9261320847385481,23.48739614636733
1673364,536.0,Hyderabad,28,31532.0,25013.0,674884.0,121078.0,271.0,1126.142857142857,1.2606244752728581,21.403146010402132
1673368,536.0,Hyderabad,28,27289.0,33168.0,662824.0,122608.0,463.0,974.6071428571429,0.8227508441871684,24.28905419766206
1673369,536.0,Hyderabad,28,38434.0,37522.0,956873.0,169670.0,636.0,1372.642857142857,1.0243057406321625,24.89652391112036
1673370,536.0,Hyderabad,28,42482.0,37490.0,1104336.0,186747.0,598.0,1517.2142857142858,1.1331555081355027,25.99538628124853
1673371,536.0,Hyderabad,28,41209.0,37676.0,1028213.0,164810.0,1588.0,1471.75,1.0937732243337934,24.95117571404305
1673372,536.0,Hyderabad,28,43519.0,37493.0,1084402.0,182865.0,511.0,1554.25,1.1607233350225374,24.917897929639928
1673373,536.0,Hyderabad,28,32825.0,37407.0,821288.0,126403.0,1557.0,1172.3214285714287,0.8775095570347796,25.02019801980198
1673374,536.0,Hyderabad,28,31705.0,37506.0,799544.0,141321.0,1915.0,1132.3214285714287,0.8453314136404841,25.21823056300268
1673375,536.0,Hyderabad,28,29367.0,31020.0,736943.0,123067.0,1835.0,1048.8214285714287,0.9467117988394584,25.094255456805257
1673377,536.0,Hyderabad,28,42828.0,35982.0,1017498.0,171025.0,689.0,1529.5714285714287,1.1902617975654495,23.757775287195294
1673379,536.0,Hyderabad,28,37918.0,37120.0,938212.0,173313.0,1899.0,1354.2142857142858,1.0214978448275862,24.74318265731315
1673383,536.0,Hyderabad,28,31504.0,28894.0,784632.0,130802.0,180.0,1125.142857142857,1.0903301723541219,24.90578974098527
1673388,536.0,Hyderabad,28,43050.0,38732.0,1086432.0,163763.0,609.0,1537.5,1.1114840442011773,25.23651567944251
1673389,536.0,Hyderabad,28,36629.0,37477.0,936971.0,157236.0,1986.0,1308.1785714285713,0.9773727886437015,25.580032214911682
1673390,536.0,Hyderabad,28,38427.0,37499.0,984725.0,171489.0,1055.0,1372.392857142857,1.024747326595376,25.62586202409764
1673391,536.0,Hyderabad,28,30754.0,37500.0,783973.0,134917.0,1597.0,1098.357142857143,0.8201066666666667,25.491740911751318
1673392,536.0,Hyderabad,28,26127.0,36002.0,633997.0,101513.0,313.0,933.1071428571429,0.7257096827954003,24.265970069276992
1673393,536.0,Hyderabad,28,39340.0,37645.0,976707.0,175009.0,386.0,1405.0,1.0450258998538982,24.827325876970004
1673394,536.0,Hyderabad,28,30397.0,37529.0,742295.0,138974.0,633.0,1085.607142857143,0.8099602973700338,24.42000855347567
1673395,536.0,Hyderabad,28,29610.0,37436.0,759184.0,133395.0,1553.0,1057.5,0.7909498878085266,25.639446133063153
1673396,536.0,Hyderabad,28,48464.0,39616.0,1183184.0,208853.0,426.0,1730.857142857143,1.2233441033925687,24.41366787718719
1673399,536.0,Hyderabad,28,42407.0,37572.0,1032955.0,179968.0,195.0,1514.5357142857142,1.1286862557223465,24.35812483788054
1673400,536.0,Hyderabad,28,29697.0,37478.0,765787.0,138561.0,1881.0,1060.607142857143,0.7923848657879289,25.786678789103277
1673402,536.0,Hyderabad,28,30215.0,36018.0,757579.0,128855.0,467.0,1079.107142857143,0.8388861124993059,25.072943902035412
1673406,536.0,Hyderabad,28,32881.0,37576.0,807334.0,139955.0,796.0,1174.3214285714287,0.8750532254630615,24.55320701925124
1673407,536.0,Hyderabad,28,36423.0,37534.0,923383.0,146243.0,277.0,1300.8214285714287,0.9704001705120691,25.351645938006204
1673408,536.0,Hyderabad,28,34321.0,37526.0,856178.0,145324.0,991.0,1225.75,0.9145925491659116,24.946184551732177
1673430,536.0,Hyderabad,28,40021.0,37118.0,1019276.0,163836.0,20.0,1429.3214285714287,1.0782100328681503,25.46852902226331
1673431,536.0,Hyderabad,28,30860.0,37084.0,772911.0,140762.0,0.0,1102.142857142857,0.8321648150145615,25.045722618276084
1673432,536.0,Hyderabad,28,28978.0,37110.0,661642.0,129976.0,21.0,1034.9285714285713,0.7808676906494206,22.832562633722134
1673433,536.0,Hyderabad,28,32903.0,37135.0,810628.0,139428.0,77.0,1175.107142857143,0.8860374309950182,24.63690241011458
1674403,536.0,Hyderabad,28,30643.0,34738.0,702131.0,138333.0,2337.0,1094.392857142857,0.8821175657781104,22.913259145645007
1674407,536.0,Hyderabad,28,38210.0,34887.0,856992.0,155484.0,2610.0,1364.642857142857,1.0952503797976323,22.42847422140801
1674421,536.0,Hyderabad,28,30338.0,23431.0,631576.0,98853.0,853.0,1083.5,1.2947804191028978,20.81798404641044
1674431,536.0,Hyderabad,28,32389.0,30991.0,716258.0,133731.0,915.0,1156.75,1.0451098706075959,22.114236314798234
1674436,536.0,Hyderabad,28,30845.0,36034.0,644530.0,113134.0,1067.0,1101.607142857143,0.8559971138369318,20.89576916842276
1674452,536.0,Hyderabad,28,41854.0,29316.0,989146.0,151258.0,1357.0,1494.7857142857142,1.4276845408650567,23.63324891288766
1674486,536.0,Hyderabad,28,35312.0,29011.0,769852.0,147073.0,2218.0,1261.142857142857,1.2171934783358036,21.801427276846397
1674495,536.0,Hyderabad,28,39151.0,35019.0,922234.0,161357.0,1912.0,1398.25,1.1179930894657186,23.555822328931573
1674500,536.0,Hyderabad,28,37703.0,26435.0,892317.0,151553.0,1716.0,1346.5357142857142,1.4262530735766976,23.667002625785745
1675501,536.0,Hyderabad,28,28831.0,28067.0,671298.0,119529.0,525.0,1029.6785714285713,1.0272205793280365,23.283895806597066
1675506,536.0,Hyderabad,28,41043.0,27185.0,872287.0,115156.0,916.0,1465.8214285714287,1.5097664153025565,21.253002948127573
1675507,536.0,Hyderabad,28,42803.0,37683.0,1057491.0,184231.0,538.0,1528.6785714285713,1.1358702863360135,24.706001915753568
1675510,536.0,Hyderabad,28,26423.0,33401.0,659048.0,121714.0,865.0,943.6785714285714,0.7910840992784647,24.942209438746545
1675511,536.0,Hyderabad,28,30403.0,38189.0,673958.0,85041.0,1048.0,1085.8214285714287,0.7961193013695043,22.167483472025786
1675512,536.0,Hyderabad,28,50067.0,36030.0,1221326.0,162404.0,864.0,1788.107142857143,1.3895920066611158,24.393832264765216
1675513,536.0,Hyderabad,28,32220.0,38159.0,820987.0,132124.0,949.0,1150.7142857142858,0.844361749521738,25.48066418373681
1675514,536.0,Hyderabad,28,32766.0,38912.0,799729.0,138155.0,718.0,1170.2142857142858,0.842053865131579,24.407281938594885
1675517,536.0,Hyderabad,28,27550.0,54760.0,672940.0,118600.0,860.0,983.9285714285714,0.5031044558071585,24.426134301270416
1675518,536.0,Hyderabad,28,57084.0,38392.0,1373924.0,195051.0,943.0,2038.7142857142858,1.4868722650552197,24.06846051432976
1675519,536.0,Hyderabad,28,41571.0,41292.0,1047295.0,180407.0,1090.0,1484.6785714285713,1.0067567567567568,25.192922951095717
1675521,536.0,Hyderabad,28,37626.0,38146.0,948353.0,107100.0,1103.0,1343.7857142857142,0.9863681644209091,25.20472545580184
1675522,536.0,Hyderabad,28,27501.0,41231.0,689834.0,118764.0,1176.0,982.1785714285714,0.6669981324731391,25.083960583251518
1675527,536.0,Hyderabad,28,36980.0,32022.0,824300.0,81773.0,1199.0,1320.7142857142858,1.1548310536506152,22.290427257977285
1675530,536.0,Hyderabad,28,29094.0,40843.0,685685.0,48856.0,591.0,1039.0714285714287,0.7123374874519501,23.567917783735478
1675531,536.0,Hyderabad,28,28919.0,29166.0,675913.0,114678.0,1068.0,1032.8214285714287,0.9915312349996571,23.3726269926346
1675533,536.0,Hyderabad,28,32413.0,35405.0,761078.0,144311.0,626.0,1157.607142857143,0.9154921621239938,23.480640483756517
1675534,536.0,Hyderabad,28,37220.0,36056.0,924514.0,150048.0,1046.0,1329.2857142857142,1.0322831151542047,24.839172487909725
1675536,536.0,Hyderabad,28,36737.0,38907.0,875345.0,158292.0,1143.0,1312.0357142857142,0.9442259747603259,23.82734028363775
1675538,536.0,Hyderabad,28,29393.0,38961.0,680598.0,136475.0,815.0,1049.75,0.7544210877544211,23.155104956962543
1675543,536.0,Hyderabad,28,28194.0,32855.0,681989.0,122470.0,1596.0,1006.9285714285714,0.8581342261451834,24.189153720649784
1675562,536.0,Hyderabad,28,26984.0,24072.0,668316.0,116829.0,1267.0,963.7142857142857,1.120970422067132,24.76712125704121
1675565,536.0,Hyderabad,28,27845.0,20660.0,722854.0,108314.0,979.0,994.4642857142857,1.3477734753146176,25.959920991201294
1675567,536.0,Hyderabad,28,27936.0,24992.0,691311.0,104439.0,1001.0,997.7142857142857,1.117797695262484,24.746241408934708
1675572,536.0,Hyderabad,28,26110.0,27135.0,591736.0,93572.0,1101.0,932.5,0.9622259074995393,22.66319417847568
1675578,536.0,Hyderabad,28,28372.0,32620.0,653856.0,132259.0,1410.0,1013.2857142857143,0.869773145309626,23.045819822360073
1675580,536.0,Hyderabad,28,28365.0,36180.0,697359.0,103874.0,1110.0,1013.0357142857143,0.7839966832504146,24.58519301956637
1675583,536.0,Hyderabad,28,30248.0,33203.0,754387.0,138215.0,453.0,1080.2857142857142,0.9110020178899497,24.94006215286961
1675584,536.0,Hyderabad,28,26237.0,38838.0,624840.0,79009.0,1047.0,937.0357142857143,0.6755497193470312,23.81522277699432
1675588,536.0,Hyderabad,28,43866.0,38077.0,1078758.0,167438.0,855.0,1566.642857142857,1.1520340362948762,24.592121460812475
1675589,536.0,Hyderabad,28,41979.0,38086.0,904112.0,112153.0,1490.0,1499.25,1.1022160373890668,21.537244812882633
1675592,536.0,Hyderabad,28,35497.0,38265.0,873197.0,141468.0,913.0,1267.75,0.9276623546321704,24.59917739527284
1675593,536.0,Hyderabad,28,30159.0,33810.0,711089.0,124228.0,1270.0,1077.107142857143,0.8920141969831411,23.57800324944461
1675594,536.0,Hyderabad,28,39946.0,38895.0,966357.0,153768.0,768.0,1426.642857142857,1.0270214680550198,24.19158363791118
1675595,536.0,Hyderabad,28,54255.0,41138.0,1412423.0,192788.0,951.0,1937.6785714285713,1.3188536146628422,26.033047645378307
1675603,536.0,Hyderabad,28,42250.0,38252.0,1069719.0,160887.0,649.0,1508.9285714285713,1.1045174108543345,25.318792899408283
1675608,536.0,Hyderabad,28,31883.0,37232.0,820939.0,127702.0,1898.0,1138.6785714285713,0.8563332617103567,25.748486654329895
1675612,536.0,Hyderabad,28,46879.0,32037.0,1041636.0,132001.0,1290.0,1674.25,1.463276836158192,22.21967192132938
1675614,536.0,Hyderabad,28,26646.0,36021.0,622247.0,82309.0,324.0,951.6428571428571,0.7397351544932123,23.352360579449073
1676611,536.0,Hyderabad,28,35980.0,35024.0,758431.0,70110.0,554.0,1285.0,1.027295568752855,21.079238465814342
1676616,536.0,Hyderabad,28,29680.0,33033.0,624201.0,36985.0,1553.0,1060.0,0.8984954439499894,21.031030997304583
1676617,536.0,Hyderabad,28,27494.0,27503.0,567249.0,56175.0,760.0,981.9285714285714,0.9996727629713122,20.631737833709174
1676619,536.0,Hyderabad,28,32885.0,33538.0,705760.0,56975.0,561.0,1174.4642857142858,0.9805295485717693,21.46145659115098
1676662,536.0,Hyderabad,28,33925.0,30984.0,723408.0,112102.0,719.0,1211.607142857143,1.0949199586883553,21.323743551952838
1676675,536.0,Hyderabad,28,34678.0,32150.0,760953.0,110011.0,1249.0,1238.5,1.0786314152410574,21.9433935059692
1676679,536.0,Hyderabad,28,26080.0,19387.0,565845.0,88138.0,1801.0,931.4285714285714,1.3452313405890546,21.69651073619632
1676681,536.0,Hyderabad,28,30675.0,24184.0,667188.0,98690.0,1259.0,1095.5357142857142,1.2684005954349984,21.750220048899756
1676685,536.0,Hyderabad,28,26553.0,30766.0,582258.0,69229.0,433.0,948.3214285714286,0.8630631216277709,21.92814371257485
1676688,536.0,Hyderabad,28,28807.0,24289.0,622145.0,104557.0,497.0,1028.8214285714287,1.1860101280415003,21.59700767174645
1676692,536.0,Hyderabad,28,32500.0,30925.0,691790.0,55320.0,345.0,1160.7142857142858,1.0509296685529508,21.285846153846155
1676694,536.0,Hyderabad,28,31511.0,29142.0,662091.0,94799.0,315.0,1125.392857142857,1.0812916066158809,21.011424581892037
1676697,536.0,Hyderabad,28,29763.0,30919.0,649283.0,111019.0,1330.0,1062.9642857142858,0.962611986157379,21.81510600409905
1676698,536.0,Hyderabad,28,31930.0,33674.0,698336.0,94933.0,244.0,1140.357142857143,0.9482093009443487,21.870842467898527
1676699,536.0,Hyderabad,28,28365.0,25944.0,574072.0,93285.0,753.0,1013.0357142857143,1.0933163737280296,20.238744932134672
1676705,536.0,Hyderabad,28,33902.0,26203.0,723085.0,118282.0,2302.0,1210.7857142857142,1.2938213181696752,21.328682673588578
1677704,536.0,Hyderabad,28,37147.0,36485.0,821822.0,133751.0,1174.0,1326.6785714285713,1.0181444429217488,22.12350930088567
1677707,536.0,Hyderabad,28,30295.0,36001.0,677227.0,110473.0,1303.0,1081.9642857142858,0.8415044026554818,22.354414919953786
1677709,536.0,Hyderabad,28,49953.0,35528.0,1063599.0,188516.0,1715.0,1784.0357142857142,1.4060177887863095,21.29199447480632
1677715,536.0,Hyderabad,28,31575.0,28658.0,698307.0,110130.0,1743.0,1127.6785714285713,1.1017865866424732,22.11581947743468
1677718,536.0,Hyderabad,28,32743.0,32100.0,735349.0,123561.0,1296.0,1169.392857142857,1.020031152647975,22.45820480713435
1677724,536.0,Hyderabad,28,49775.0,36761.0,1116794.0,187884.0,1414.0,1777.6785714285713,1.354016484861674,22.436845806127575
1677725,536.0,Hyderabad,28,34151.0,32069.0,796066.0,135521.0,1119.0,1219.6785714285713,1.0649225108360099,23.310181253843226
1677728,536.0,Hyderabad,28,32023.0,27134.0,684573.0,119199.0,1675.0,1143.6785714285713,1.1801798481609789,21.37754114230397
1677730,536.0,Hyderabad,28,36148.0,32130.0,882525.0,102666.0,990.0,1291.0,1.1250544662309367,24.414213787761426
1677734,536.0,Hyderabad,28,28749.0,25101.0,614890.0,96490.0,1689.0,1026.75,1.1453328552647304,21.38822219903301
1677744,536.0,Hyderabad,28,26732.0,25614.0,579072.0,112415.0,978.0,954.7142857142857,1.0436480049972672,21.662127786922042
1677750,536.0,Hyderabad,28,38879.0,37265.0,874604.0,155929.0,2447.0,1388.5357142857142,1.0433114182208507,22.495537436662467
1677752,536.0,Hyderabad,28,34766.0,24963.0,744984.0,117981.0,1412.0,1241.642857142857,1.3927011977727035,21.42852211931197
1677753,536.0,Hyderabad,28,33418.0,31158.0,736965.0,116716.0,1007.0,1193.5,1.0725335387380448,22.052935543718952
1677756,536.0,Hyderabad,28,42299.0,32100.0,930230.0,113493.0,1746.0,1510.6785714285713,1.3177258566978194,21.99177285515024
1677759,536.0,Hyderabad,28,30509.0,35895.0,624886.0,117931.0,1280.0,1089.607142857143,0.8499512466917398,20.482021698515194
1677762,536.0,Hyderabad,28,41384.0,35853.0,879141.0,127880.0,1286.0,1478.0,1.1542688199034947,21.243499903344286
1677766,536.0,Hyderabad,28,35696.0,34635.0,747190.0,121455.0,1707.0,1274.857142857143,1.0306337519849862,20.932037203047962
1677768,536.0,Hyderabad,28,34404.0,33046.0,725712.0,108173.0,1519.0,1228.7142857142858,1.0410942322822732,21.093826299267526
1677769,536.0,Hyderabad,28,29945.0,26283.0,653432.0,107131.0,1645.0,1069.4642857142858,1.1393296046874406,21.82107196526966
1677776,536.0,Hyderabad,28,46226.0,33834.0,971152.0,158791.0,1552.0,1650.9285714285713,1.3662587929301886,21.00878293601004
1677778,536.0,Hyderabad,28,32781.0,32122.0,759584.0,121350.0,1093.0,1170.75,1.0205155345246248,23.171471279094597
1677780,536.0,Hyderabad,28,31043.0,32132.0,708864.0,122499.0,1199.0,1108.6785714285713,0.9661085522220839,22.83490642012692
1677781,536.0,Hyderabad,28,31110.0,32094.0,678612.0,114393.0,1090.0,1111.0714285714287,0.9693400635632828,21.81330761812922
1677788,536.0,Hyderabad,28,34452.0,34372.0,764726.0,128937.0,1974.0,1230.4285714285713,1.002327475852438,22.19685359340532
1677789,536.0,Hyderabad,28,30726.0,26277.0,640155.0,100395.0,996.0,1097.357142857143,1.1693115652471744,20.834309705135716
1677792,536.0,Hyderabad,28,38130.0,35966.0,834264.0,118556.0,1510.0,1361.7857142857142,1.060167936384363,21.87946498819827
1677796,536.0,Hyderabad,28,33650.0,35893.0,708190.0,91925.0,1213.0,1201.7857142857142,0.9375087064330092,21.045765230312035
1677797,536.0,Hyderabad,28,43884.0,35809.0,924780.0,143786.0,1804.0,1567.2857142857142,1.2255019687787987,21.07328411266065
1677800,536.0,Hyderabad,28,30125.0,36004.0,645248.0,123210.0,1119.0,1075.892857142857,0.8367125874902789,21.419020746887966
1677801,536.0,Hyderabad,28,37220.0,36531.0,826703.0,139472.0,1782.0,1329.2857142857142,1.0188606936574416,22.211257388500805
1677803,536.0,Hyderabad,28,26984.0,36609.0,581314.0,68809.0,764.0,963.7142857142857,0.7370865087819934,21.542914319596797
1677804,536.0,Hyderabad,28,44883.0,34613.0,972226.0,165378.0,1174.0,1602.9642857142858,1.2967093288648774,21.661341710669966
1677806,536.0,Hyderabad,28,43103.0,34788.0,928958.0,150532.0,1879.0,1539.392857142857,1.2390192020236863,21.552049741317308
1677807,536.0,Hyderabad,28,34321.0,35400.0,724829.0,112480.0,1573.0,1225.75,0.9695197740112994,21.119110748521315
1677808,536.0,Hyderabad,28,37366.0,32024.0,816747.0,142491.0,1521.0,1334.5,1.1668123907069698,21.85802601295295
1677810,536.0,Hyderabad,28,39337.0,35951.0,833479.0,125043.0,2136.0,1404.892857142857,1.0941837501043086,21.188168899509368
1677811,536.0,Hyderabad,28,34499.0,34643.0,788112.0,147133.0,1491.0,1232.107142857143,0.9958433161100366,22.844488246036118
1677813,536.0,Hyderabad,28,28468.0,28096.0,585037.0,99873.0,1145.0,1016.7142857142857,1.013240318906606,20.550688492342278
1677814,536.0,Hyderabad,28,38546.0,36188.0,789214.0,106476.0,761.0,1376.642857142857,1.0651597214546258,20.474601774503192
1677815,536.0,Hyderabad,28,46439.0,35966.0,973944.0,133287.0,1600.0,1658.5357142857142,1.2911916810320858,20.972544628437305
1677817,536.0,Hyderabad,28,37904.0,30186.0,870667.0,140700.0,1193.0,1353.7142857142858,1.2556814417279534,22.97031975517096
1677818,536.0,Hyderabad,28,37864.0,37341.0,803901.0,112435.0,1560.0,1352.2857142857142,1.0140060523285397,21.231275089795055
1677819,536.0,Hyderabad,28,32005.0,32075.0,745707.0,137580.0,1049.0,1143.0357142857142,0.9978176149649259,23.299703171379473
1677821,536.0,Hyderabad,28,33161.0,30557.0,702868.0,111083.0,1081.0,1184.3214285714287,1.0852177897044868,21.195621362443834
1677822,536.0,Hyderabad,28,42199.0,35972.0,902934.0,152095.0,1777.0,1507.107142857143,1.1731068608918047,21.39704732339629
1677824,536.0,Hyderabad,28,27393.0,32055.0,631630.0,82500.0,458.0,978.3214285714286,0.8545624707533926,23.058080531522652
1677825,536.0,Hyderabad,28,39812.0,34081.0,888475.0,130524.0,613.0,1421.857142857143,1.1681582113200903,22.316763789812118
1677827,536.0,Hyderabad,28,30498.0,32078.0,681984.0,119914.0,1457.0,1089.2142857142858,0.9507450589188852,22.361597481802086
1677828,536.0,Hyderabad,28,37804.0,36030.0,866147.0,141421.0,595.0,1350.142857142857,1.0492367471551485,22.91151729975664
1677829,536.0,Hyderabad,28,33658.0,37496.0,713554.0,132756.0,1532.0,1202.0714285714287,0.8976424151909537,21.20013072672173
1678801,536.0,Hyderabad,28,33279.0,33965.0,676811.0,108700.0,207.0,1188.5357142857142,0.9798027381127631,20.33748009255086
1678806,536.0,Hyderabad,28,26262.0,35040.0,582990.0,119301.0,1558.0,937.9285714285714,0.749486301369863,22.19899474525931
1678809,536.0,Hyderabad,28,32446.0,38523.0,695700.0,91600.0,1762.0,1158.7857142857142,0.8422500843651844,21.441780188621095
1678811,536.0,Hyderabad,28,32657.0,38398.0,735197.0,56000.0,2469.0,1166.3214285714287,0.8504870045314861,22.512692531463394
1678812,536.0,Hyderabad,28,35901.0,38246.0,811604.0,93155.0,2235.0,1282.1785714285713,0.938686398577629,22.606724046683937
1678813,536.0,Hyderabad,28,29982.0,38771.0,675786.0,95654.0,2377.0,1070.7857142857142,0.7733099481571277,22.53972383430058
1678836,536.0,Hyderabad,28,36963.0,40138.0,767261.0,88400.0,1359.0,1320.107142857143,0.9208979022372814,20.757541325108892
1678840,536.0,Hyderabad,28,35166.0,35160.0,745761.0,118708.0,2044.0,1255.9285714285713,1.000170648464164,21.206875959733832
1678846,536.0,Hyderabad,28,35239.0,34574.0,740776.0,69380.0,1765.0,1258.5357142857142,1.019234106554058,21.021481880870628
1678850,536.0,Hyderabad,28,32761.0,34777.0,707675.0,129111.0,2124.0,1170.0357142857142,0.9420306524427063,21.601141601294223
1678854,536.0,Hyderabad,28,30220.0,38170.0,750479.0,136400.0,1073.0,1079.2857142857142,0.7917212470526591,24.833851753805426
1678857,536.0,Hyderabad,28,28235.0,38086.0,691296.0,101475.0,1552.0,1008.3928571428571,0.7413485270178019,24.483655038073312
1678858,536.0,Hyderabad,28,29350.0,38115.0,705136.0,125749.0,1438.0,1048.2142857142858,0.7700380427653155,24.025076660988073
1678859,536.0,Hyderabad,28,43777.0,38463.0,957817.0,148000.0,3730.0,1563.4642857142858,1.1381587499675012,21.87945724924047
1678863,536.0,Hyderabad,28,40435.0,36007.0,873182.0,146317.0,1892.0,1444.107142857143,1.1229760879828923,21.594707555335724
1678864,536.0,Hyderabad,28,37244.0,35940.0,811882.0,126631.0,2948.0,1330.142857142857,1.036282693377852,21.799001181398346
1678867,536.0,Hyderabad,28,31242.0,29946.0,676458.0,111031.0,1523.0,1115.7857142857142,1.0432779002203967,21.652198962934513
1678873,536.0,Hyderabad,28,29742.0,24982.0,626605.0,108530.0,2465.0,1062.2142857142858,1.1905371867744776,21.068018290632775
1678876,536.0,Hyderabad,28,27251.0,32145.0,582777.0,98200.0,1790.0,973.25,0.8477523720640846,21.38552713661884
1678883,536.0,Hyderabad,28,31190.0,32547.0,644147.0,58300.0,1397.0,1113.9285714285713,0.9583064491350969,20.652356524527093
1678884,536.0,Hyderabad,28,29689.0,28071.0,620606.0,34429.0,1259.0,1060.3214285714287,1.057639556838018,20.903566977668497
1678890,536.0,Hyderabad,28,30411.0,37945.0,697157.0,135390.0,1381.0,1086.107142857143,0.8014494663328502,22.924501002926572
1678895,536.0,Hyderabad,28,28837.0,38108.0,642140.0,29196.0,2651.0,1029.892857142857,0.7567177495538995,22.267919686513853
1678896,536.0,Hyderabad,28,26758.0,35185.0,582656.0,119340.0,925.0,955.6428571428571,0.7604945289185733,21.775020554600495
1678898,536.0,Hyderabad,28,29207.0,32011.0,611339.0,98000.0,630.0,1043.107142857143,0.912405110743182,20.93124935803061
1678900,536.0,Hyderabad,28,27611.0,29735.0,609725.0,93286.0,1271.0,986.1071428571429,0.9285690263998655,22.08268443736192
1678911,536.0,Hyderabad,28,26044.0,37773.0,620682.0,99633.0,44.0,930.1428571428571,0.689487199851746,23.83205344801106
1679903,536.0,Hyderabad,28,36893.0,41593.0,784221.0,124860.0,3311.0,1317.607142857143,0.8870002163825643,21.25663404981975
1679905,536.0,Hyderabad,28,38060.0,28461.0,837559.0,98100.0,2645.0,1359.2857142857142,1.3372685429183795,22.006279558591697
1679908,536.0,Hyderabad,28,28686.0,23046.0,642046.0,43800.0,2001.0,1024.5,1.2447279354334808,22.38185874642683
1679909,536.0,Hyderabad,28,42048.0,29490.0,988780.0,136265.0,2124.0,1501.7142857142858,1.4258392675483214,23.515506088280063
1679912,536.0,Hyderabad,28,26705.0,28898.0,595571.0,101964.0,2150.0,953.75,0.9241123953214755,22.301853585470887
1679915,536.0,Hyderabad,28,27187.0,28901.0,598037.0,101433.0,2118.0,970.9642857142857,0.9406940936299782,21.997167764004857
1679917,536.0,Hyderabad,28,27983.0,27136.0,630838.0,101590.0,2222.0,999.3928571428571,1.0312131485849056,22.543615766715504
1679919,536.0,Hyderabad,28,35289.0,32172.0,754042.0,90500.0,144.0,1260.3214285714287,1.0968854904886236,21.36762163847091
1679929,536.0,Hyderabad,28,37867.0,36005.0,813662.0,118242.0,3365.0,1352.392857142857,1.0517150395778365,21.487363667573348
1679935,536.0,Hyderabad,28,40474.0,35902.0,852267.0,119270.0,3201.0,1445.5,1.127346665923904,21.057147798586747
1679945,536.0,Hyderabad,28,28197.0,36038.0,605173.0,70795.0,2229.0,1007.0357142857143,0.7824241078861202,21.462318686385075
1679948,536.0,Hyderabad,28,27189.0,27764.0,607071.0,93747.0,2568.0,971.0357142857143,0.9792897277049416,22.327816396336754
1679951,536.0,Hyderabad,28,28987.0,36219.0,634848.0,25810.0,2519.0,1035.25,0.8003257958530053,21.901128091903267
1679956,536.0,Hyderabad,28,28435.0,35938.0,638205.0,44000.0,2395.0,1015.5357142857143,0.7912237742779231,22.444346755758747
1679963,536.0,Hyderabad,28,40021.0,36068.0,881738.0,99230.0,2391.0,1429.3214285714287,1.1095985360984806,22.031883261287824
1679973,536.0,Hyderabad,28,33424.0,30300.0,727654.0,72985.0,2412.0,1193.7142857142858,1.1031023102310231,21.77040449976065
1679977,536.0,Hyderabad,28,28118.0,28515.0,630260.0,96630.0,2485.0,1004.2142857142857,0.9860775030685605,22.414823244896507
1679981,536.0,Hyderabad,28,26442.0,32763.0,610587.0,66698.0,3704.0,944.3571428571429,0.8070689497298782,23.09155888359428
1679987,536.0,Hyderabad,28,31501.0,23664.0,681681.0,87959.0,1586.0,1125.0357142857142,1.3311781609195403,21.63997968318466
1679988,536.0,Hyderabad,28,39264.0,36084.0,891136.0,117201.0,2898.0,1402.2857142857142,1.0881277020286,22.6960065199674
1679993,536.0,Hyderabad,28,38816.0,36050.0,857741.0,77950.0,2314.0,1386.2857142857142,1.076726768377254,22.09761438582028
1743011,535.0,Medak,28,28472.0,29509.0,594113.0,0.0,0.0,1016.8571428571429,0.9648581788606866,20.866570665917394
1743012,535.0,Medak,28,28559.0,29577.0,594933.0,0.0,0.0,1019.9642857142857,0.9655813638976232,20.83171679680661
1814031,533.0,Nizamabad,28,27245.0,32563.0,580185.0,0.0,0.0,973.0357142857143,0.836685809047078,21.29510001835199
1837003,533.0,Nizamabad,16,14903.0,18864.0,331833.0,0.0,0.0,931.4375,0.7900233248515691,22.266188015835738
1881012,533.0,Nizamabad,28,33267.0,36390.0,679991.0,0.0,0.0,1188.107142857143,0.9141797197032152,20.440406408753418
1881021,533.0,Nizamabad,28,29012.0,29703.0,587512.0,0.0,0.0,1036.142857142857,0.9767363565969768,20.250654901420102
1881039,533.0,Nizamabad,28,25961.0,28680.0,638843.0,0.0,0.0,927.1785714285714,0.9051952580195258,24.60779630984939
1881042,533.0,Nizamabad,28,26533.0,31188.0,560760.0,0.0,0.0,947.6071428571429,0.8507438758496858,21.13443636226586
1881043,533.0,Nizamabad,28,36581.0,39000.0,902306.0,0.0,0.0,1306.4642857142858,0.937974358974359,24.665974139580655
1881044,533.0,Nizamabad,28,51959.0,63549.0,1257685.0,0.0,0.0,1855.6785714285713,0.8176210483249147,24.20533497565388
1881045,533.0,Nizamabad,28,25945.0,30429.0,655432.0,0.0,0.0,926.6071428571429,0.8526405731374676,25.262362690306418
1881046,533.0,Nizamabad,28,35920.0,40504.0,883184.0,0.0,0.0,1282.857142857143,0.8868259924945684,24.587527839643652
1881047,533.0,Nizamabad,28,27359.0,32349.0,727151.0,0.0,0.0,977.1071428571429,0.8457448452811525,26.578127855550274
1881048,533.0,Nizamabad,28,35201.0,35729.0,759244.0,0.0,0.0,1257.1785714285713,0.9852220884995382,21.568819067640124
1881050,533.0,Nizamabad,28,33011.0,36524.0,690228.0,0.0,0.0,1178.9642857142858,0.9038166684919505,20.90903032322559
1881064,533.0,Nizamabad,28,29207.0,30870.0,588445.0,0.0,0.0,1043.107142857143,0.9461289277615809,20.14739617215051
1881068,533.0,Nizamabad,28,29297.0,32153.0,593347.0,0.0,0.0,1046.3214285714287,0.9111746959848226,20.252824521282044
1881082,533.0,Nizamabad,28,26209.0,29109.0,639600.0,0.0,0.0,936.0357142857143,0.9003744546360232,24.403830745163877
1881083,533.0,Nizamabad,28,42260.0,48122.0,915624.0,0.0,0.0,1509.2857142857142,0.8781846141058144,21.666445811642216
1881087,533.0,Nizamabad,28,27006.0,30062.0,654728.0,0.0,0.0,964.5,0.8983434235912447,24.24379767459083
1882507,533.0,Nizamabad,28,30149.0,27280.0,687871.0,0.0,0.0,1076.75,1.1051686217008798,22.815715280772164
1890016,533.0,Nizamabad,28,37237.0,43204.0,829028.0,0.0,0.0,1329.892857142857,0.8618877881677622,22.2635550661976
1890030,533.0,Nizamabad,28,26116.0,28745.0,548687.0,0.0,0.0,932.7142857142857,0.9085406157592625,21.009610966457345
1890032,533.0,Nizamabad,28,28247.0,31452.0,586336.0,0.0,0.0,1008.8214285714286,0.8980986900674043,20.757460969306475
1890033,533.0,Nizamabad,28,26277.0,28862.0,533534.0,0.0,0.0,938.4642857142857,0.9104358672302681,20.304220420900407
1890038,533.0,Nizamabad,28,28421.0,31574.0,566526.0,0.0,0.0,1015.0357142857143,0.9001393551656426,19.933359135850253
1890043,533.0,Nizamabad,28,49857.0,54840.0,1258882.0,0.0,0.0,1780.607142857143,0.9091356673960612,25.249854584110555
1901001,532.0,Adilabad,28,26608.0,33237.0,514864.0,0.0,0.0,950.2857142857143,0.8005535999037218,19.34996993385448
1905024,532.0,Adilabad,28,28006.0,32306.0,683508.0,0.0,0.0,1000.2142857142857,0.866897789884232,24.40577019210169
1907001,532.0,Adilabad,28,37940.0,44467.0,866384.0,0.0,0.0,1355.0,0.8532169923763689,22.835635213494992
1908001,532.0,Adilabad,28,35695.0,48243.0,778678.0,0.0,100.0,1274.8214285714287,0.739900089132102,21.814763972545176
1908002,532.0,Adilabad,28,30216.0,31552.0,659773.0,0.0,0.0,1079.142857142857,0.9576572008113591,21.83521975112523
1911005,532.0,Adilabad,28,26674.0,26718.0,531391.0,0.0,139.0,952.6428571428571,0.9983531701474662,19.921684036889854
1912007,532.0,Adilabad,28,28991.0,35107.0,627635.0,0.0,0.0,1035.392857142857,0.825789728544165,21.649304956710704
1926001,532.0,Adilabad,28,29932.0,32400.0,681286.0,0.0,200.0,1069.0,0.9238271604938272,22.761125217158895
1926002,532.0,Adilabad,28,27466.0,30536.0,646385.0,0.0,502.0,980.9285714285714,0.8994629290018339,23.53400567974951
1926003,532.0,Adilabad,28,26000.0,22830.0,607927.0,0.0,267.0,928.5714285714286,1.1388523872098117,23.381807692307692
1981035,532.0,Adilabad,28,30117.0,26305.0,622339.0,0.0,0.0,1075.607142857143,1.1449154153202814,20.664043563435932
1981036,532.0,Adilabad,28,31867.0,30249.0,657824.0,0.0,0.0,1138.107142857143,1.0534893715494726,20.642796623466282
1981041,532.0,Adilabad,28,27390.0,26433.0,561936.0,0.0,0.0,978.2142857142857,1.0362047440699127,20.516100766703175
1981042,532.0,Adilabad,28,28495.0,28886.0,626160.0,0.0,0.0,1017.6785714285714,0.9864640310184865,21.97438147043341
1988004,532.0,Adilabad,28,28208.0,30990.0,598092.0,0.0,8.0,1007.4285714285714,0.9102291061632785,21.20292115711855
1988026,532.0,Adilabad,28,27052.0,34041.0,518269.0,0.0,0.0,966.1428571428571,0.7946887576745689,19.158250776282713
1991002,532.0,Adilabad,28,36552.0,40489.0,729740.0,0.0,22.0,1305.4285714285713,0.902763713601225,19.96443423068505
1991004,532.0,Adilabad,28,47550.0,46882.0,1012695.0,0.0,72.0,1698.2142857142858,1.0142485388848599,21.297476340694008
1991006,532.0,Adilabad,28,29374.0,40432.0,586408.0,0.0,129.0,1049.0714285714287,0.7265037593984962,19.96350514060053
1992003,532.0,Adilabad,28,25962.0,27867.0,612092.0,0.0,348.0,927.2142857142857,0.9316395736893099,23.576457900007703
2033207,534.0,Karimnagar,28,30410.0,30749.0,571469.0,0.0,0.0,1086.0714285714287,0.9889752512276822,18.792140743176585
2036167,534.0,Karimnagar,28,27122.0,25059.0,566053.0,0.0,0.0,968.6428571428571,1.0823257113212819,20.870621635572597
2036174,534.0,Karimnagar,28,31234.0,34835.0,600503.0,0.0,0.0,1115.5,0.8966269556480552,19.22593968111673
2049101,534.0,Karimnagar,28,28770.0,31523.0,560191.0,0.0,0.0,1027.5,0.9126669415981982,19.471359054570733
2084105,534.0,Karimnagar,28,34083.0,29202.0,689496.0,0.0,0.0,1217.25,1.1671460858845284,20.22990933896664
2084109,534.0,Karimnagar,28,30159.0,29966.0,588440.0,0.0,9.0,1077.107142857143,1.0064406327170794,19.511257004542593
2084114,534.0,Karimnagar,28,29612.0,27256.0,585236.0,0.0,0.0,1057.5714285714287,1.0864396830055767,19.76347426718898
2084115,534.0,Karimnagar,28,26412.0,25361.0,556826.0,0.0,0.0,943.2857142857143,1.0414415835337723,21.082311070725428
2084119,534.0,Karimnagar,28,33825.0,29592.0,655567.0,0.0,70.0,1208.0357142857142,1.143045417680454,19.381138211382115
2084122,534.0,Karimnagar,28,36355.0,29814.0,717567.0,0.0,30.0,1298.392857142857,1.219393573488965,19.737780222802915
2084124,534.0,Karimnagar,28,26617.0,26109.0,578164.0,0.0,0.0,950.6071428571429,1.019456892259374,21.72160649209152
2084131,534.0,Karimnagar,28,30385.0,27245.0,607430.0,0.0,163.0,1085.1785714285713,1.1152505046797578,19.991114036531183
2084132,534.0,Karimnagar,28,28626.0,28787.0,635587.0,0.0,0.0,1022.3571428571429,0.9944071976934032,22.20313700831412
2084134,534.0,Karimnagar,28,34367.0,28122.0,691316.0,0.0,0.0,1227.392857142857,1.222068131711827,20.11569237931737
2084137,534.0,Karimnagar,28,30757.0,28441.0,643531.0,0.0,0.0,1098.4642857142858,1.081431735874266,20.923074422082777
2084139,534.0,Karimnagar,28,36090.0,26570.0,707240.0,0.0,0.0,1288.9285714285713,1.3582988332706059,19.596564145192573
2084140,534.0,Karimnagar,28,28966.0,17892.0,565284.0,0.0,95.0,1034.5,1.6189358372456963,19.515431885659048
2084141,534.0,Karimnagar,28,31433.0,26932.0,682477.0,0.0,0.0,1122.607142857143,1.1671246101292143,21.71211783794102
2084142,534.0,Karimnagar,28,31184.0,26200.0,624727.0,0.0,0.0,1113.7142857142858,1.1902290076335877,20.033574910210366
2084146,534.0,Karimnagar,28,32557.0,29796.0,641983.0,0.0,192.0,1162.75,1.0926634447576855,19.718739441594742
2084147,534.0,Karimnagar,28,41048.0,29923.0,806291.0,0.0,0.0,1466.0,1.3717875881429,19.642637887351395
2084149,534.0,Karimnagar,28,29932.0,27888.0,621511.0,0.0,0.0,1069.0,1.073293172690763,20.764098623546705
2084150,534.0,Karimnagar,28,29593.0,26255.0,595704.0,0.0,140.0,1056.892857142857,1.1271376880594173,20.129895583414996
2084151,534.0,Karimnagar,28,32488.0,25439.0,645694.0,0.0,0.0,1160.2857142857142,1.277094225401942,19.874846097020438
2084152,534.0,Karimnagar,28,28159.0,26089.0,559742.0,0.0,48.0,1005.6785714285714,1.0793437847368623,19.877907596150433
2084153,534.0,Karimnagar,28,33998.0,26128.0,664108.0,0.0,50.0,1214.2142857142858,1.3012094304960196,19.53373727866345
2084155,534.0,Karimnagar,28,30936.0,26589.0,649271.0,0.0,270.0,1104.857142857143,1.1634886607243597,20.987554952159297
2084157,534.0,Karimnagar,28,40356.0,26995.0,796083.0,0.0,98.0,1441.2857142857142,1.4949435080570477,19.726509069283377
2084158,534.0,Karimnagar,28,34938.0,26138.0,689852.0,0.0,0.0,1247.7857142857142,1.336674573418012,19.745034060335453
2084161,534.0,Karimnagar,28,35942.0,26724.0,696548.0,0.0,0.0,1283.642857142857,1.3449333932046101,19.379778532079463
2111020,540.0,Hanumakonda,28,26963.0,29285.0,552683.0,0.0,0.0,962.9642857142857,0.9207102612258835,20.49783036012313
2111028,540.0,Hanumakonda,28,29081.0,32830.0,586260.0,0.0,0.0,1038.607142857143,0.885805665549802,20.159554348199855
2111046,540.0,Hanumakonda,28,26712.0,33762.0,545572.0,0.0,49.0,954.0,0.7911853563177537,20.424228811021266
2111059,540.0,Hanumakonda,28,26668.0,30112.0,552342.0,0.0,45.0,952.4285714285714,0.8856269925611052,20.711789410529473
2152003,540.0,Hanumakonda,28,26561.0,31184.0,484614.0,0.0,38.0,948.6071428571429,0.851750897896357,18.245322088776778
2155008,540.0,Hanumakonda,28,28400.0,32960.0,561860.0,0.0,0.0,1014.2857142857143,0.8616504854368932,19.78380281690141
2155038,540.0,Hanumakonda,28,26071.0,27778.0,526418.0,0.0,33.0,931.1071428571429,0.9385484916120671,20.191707260941275
2232001,541.0,Khammam,28,26781.0,38368.0,494771.0,0.0,175.0,956.4642857142857,0.6980035446205171,18.474702214256375
2236043,541.0,Khammam,28,30580.0,30846.0,553827.0,0.0,88.0,1092.142857142857,0.991376515593594,18.110758665794638
2236045,541.0,Khammam,28,35248.0,36254.0,660213.0,0.0,167.0,1258.857142857143,0.972251337783417,18.73050953245574
2236077,541.0,Khammam,28,34897.0,37025.0,656592.0,0.0,242.0,1246.3214285714287,0.942525320729237,18.815141702725164
2236082,541.0,Khammam,28,29776.0,32048.0,556516.0,0.0,156.0,1063.4285714285713,0.9291063404892661,18.690085975282106
2236091,541.0,Khammam,28,34918.0,36633.0,631552.0,0.0,150.0,1247.0714285714287,0.95318428739115,18.086717452316858
2236093,541.0,Khammam,28,27879.0,37403.0,520162.0,0.0,130.0,995.6785714285714,0.7453680186081331,18.657842820761147
2236234,541.0,Khammam,28,27454.0,26391.0,503008.0,0.0,101.0,980.5,1.0402788829525218,18.321847453922924
2237033,541.0,Khammam,28,35712.0,46823.0,737580.0,0.0,298.0,1275.4285714285713,0.7627020908527861,20.653561827956988
2281013,541.0,Khammam,28,27057.0,29772.0,553989.0,0.0,404.0,966.3214285714286,0.908806932688432,20.4748863510367
2281019,541.0,Khammam,28,27607.0,36383.0,530065.0,0.0,148.0,985.9642857142857,0.7587884451529561,19.200383960589704
2281038,541.0,Khammam,28,43609.0,36859.0,820364.0,0.0,312.0,1557.4642857142858,1.1831303073876123,18.81180490265771
2281047,541.0,Khammam,28,28566.0,37207.0,553805.0,0.0,318.0,1020.2142857142857,0.7677587550729701,19.38685850311559
2281097,541.0,Khammam,28,37584.0,33886.0,723238.0,0.0,141.0,1342.2857142857142,1.109130614413032,19.243241805023413
2321001,539.0,Nalgonda,28,30829.0,31186.0,579359.0,0.0,234.0,1101.0357142857142,0.9885525556339383,18.792662752603068
2339021,539.0,Nalgonda,28,26564.0,34839.0,515084.0,0.0,95.0,948.7142857142857,0.7624788311949252,19.390302665261256
2382013,539.0,Nalgonda,28,33677.0,26337.0,676808.0,0.0,706.0,1202.75,1.2786953715305465,20.097039522522792
2382020,539.0,Nalgonda,28,32200.0,27922.0,634330.0,0.0,123.0,1150.0,1.1532125205930808,19.69968944099379
2382022,539.0,Nalgonda,28,26442.0,29908.0,500191.0,0.0,48.0,944.3571428571429,0.8841112745753644,18.916534301490053
2382031,539.0,Nalgonda,28,27172.0,27504.0,520834.0,0.0,39.0,970.4285714285714,0.9879290285049447,19.168040630060357
2383002,539.0,Nalgonda,28,26739.0,25173.0,514185.0,0.0,199.0,954.9642857142857,1.0622095101894888,19.229776730618198
2383027,539.0,Nalgonda,28,26945.0,21071.0,558315.0,0.0,513.0,962.3214285714286,1.2787717716292535,20.72054184449805
2383035,539.0,Nalgonda,28,27337.0,26487.0,550650.0,0.0,363.0,976.3214285714286,1.0320912145580852,20.143029593591102
2383037,539.0,Nalgonda,28,29279.0,22012.0,585497.0,0.0,288.0,1045.6785714285713,1.3301381064873705,19.997165203729637
2383042,539.0,Nalgonda,28,26629.0,24073.0,539310.0,0.0,441.0,951.0357142857143,1.1061770448219999,20.252731983927298
2383045,539.0,Nalgonda,28,31073.0,25887.0,626206.0,0.0,405.0,1109.75,1.2003322130799243,20.152737102951114
2383055,539.0,Nalgonda,28,32559.0,27199.0,642795.0,0.0,397.0,1162.8214285714287,1.1970660686054635,19.742467520501243
2383058,539.0,Nalgonda,28,39929.0,26601.0,803231.0,0.0,418.0,1426.0357142857142,1.5010337957219653,20.11648175511533
2383062,539.0,Nalgonda,28,31862.0,28718.0,647055.0,0.0,393.0,1137.9285714285713,1.1094783759314715,20.308047203565376
2383065,539.0,Nalgonda,28,27779.0,25704.0,596090.0,0.0,932.0,992.1071428571429,1.0807267351385,21.45829583498326
2404016,921.0,Kumarambheem Asifabad,28,26387.0,28377.0,617893.0,0.0,0.0,942.3928571428571,0.929872784297142,23.416568764922122
2407001,921.0,Kumarambheem Asifabad,28,41648.0,49139.0,956075.0,0.0,0.0,1487.4285714285713,0.8475548952970146,22.956084325777947
2501002,922.0,Jayashankar Bhupalpalli,28,28045.0,30792.0,524880.0,0.0,13.0,1001.6071428571429,0.9107885164977917,18.715635585665893
2603001,923.0,Jogulamba Gadwal,28,40910.0,40887.0,855598.0,8750.0,120.0,1461.0714285714287,1.0005625259862547,20.914153018821803
2603030,923.0,Jogulamba Gadwal,28,26632.0,24340.0,541552.0,9278.0,192.0,951.1428571428571,1.094165981922761,20.334635025533192
2603045,923.0,Jogulamba Gadwal,28,31205.0,36248.0,679218.0,5690.0,448.0,1114.4642857142858,0.8608750827631869,21.766319500080115
2603049,923.0,Jogulamba Gadwal,28,34454.0,27628.0,713826.0,10411.0,151.0,1230.5,1.2470681916895903,20.718233006327278
2706005,924.0,Jagityal,28,28480.0,23005.0,540418.0,0.0,0.0,1017.1428571428571,1.2379917409258856,18.975351123595505
2706012,924.0,Jagityal,28,28649.0,25221.0,548391.0,0.0,0.0,1023.1785714285714,1.13591848063122,19.141715243114945
2706057,924.0,Jagityal,28,27803.0,22832.0,514777.0,0.0,0.0,992.9642857142857,1.2177207428170989,18.515160234507068
2710041,924.0,Jagityal,28,28360.0,30856.0,551780.0,0.0,0.0,1012.8571428571429,0.9191081151153746,19.456276445698165
2710042,924.0,Jagityal,28,34444.0,38148.0,691224.0,0.0,51.0,1230.142857142857,0.902904477298941,20.068052490999882
2716003,924.0,Jagityal,28,28833.0,32146.0,515542.0,0.0,0.0,1029.75,0.896938965967772,17.880276072555752
2719001,924.0,Jagityal,28,26299.0,30745.0,495155.0,0.0,0.0,939.25,0.8553911205073996,18.827902201604623
2719017,924.0,Jagityal,28,31919.0,35361.0,667872.0,0.0,0.0,1139.9642857142858,0.9026611238369956,20.923963783326545
2807018,925.0,Janagaon,28,37562.0,35825.0,763004.0,0.0,69.0,1341.5,1.0484856943475227,20.31318886108301
2901004,926.0,Kamareddy,28,26531.0,26551.0,593791.0,0.0,196.0,947.5357142857143,0.9992467327030997,22.381025969620445
2901026,926.0,Kamareddy,28,28271.0,31327.0,572422.0,0.0,77.0,1009.6785714285714,0.9024483672231621,20.24767429521418
2904012,926.0,Kamareddy,28,26722.0,34560.0,570286.0,0.0,84.0,954.3571428571429,0.7732060185185186,21.341441508869096
2909032,926.0,Kamareddy,28,27612.0,18528.0,593609.0,0.0,142.0,986.1428571428571,1.4902849740932642,21.49822540924236
2909060,926.0,Kamareddy,28,30777.0,32503.0,699274.0,0.0,323.0,1099.1785714285713,0.9468972094883549,22.72066803132209
3001014,927.0,Bhadrdri Kothagudem,28,47408.0,61595.0,862182.0,0.0,184.0,1693.142857142857,0.7696728630570663,18.186424232197098
3002001,927.0,Bhadrdri Kothagudem,28,30443.0,38174.0,589192.0,0.0,408.0,1087.25,0.797479960182323,19.353940150445094
3002002,927.0,Bhadrdri Kothagudem,28,29018.0,38040.0,556188.0,0.0,475.0,1036.357142857143,0.7628286014721346,19.16699979323179
3002005,927.0,Bhadrdri Kothagudem,28,38718.0,48573.0,744175.0,0.0,589.0,1382.7857142857142,0.7971095052807116,19.22038844981662
3005011,927.0,Bhadrdri Kothagudem,28,31662.0,41785.0,596665.0,0.0,284.0,1130.7857142857142,0.757736029675721,18.84482976438633
3005013,927.0,Bhadrdri Kothagudem,28,54654.0,73269.0,1034950.0,0.0,394.0,1951.9285714285713,0.745936207673095,18.936399897537235
3005014,927.0,Bhadrdri Kothagudem,28,45514.0,66127.0,835413.0,0.0,259.0,1625.5,0.6882816398747864,18.35507755855341
3014004,927.0,Bhadrdri Kothagudem,28,32546.0,47915.0,635720.0,0.0,474.0,1162.357142857143,0.6792444954607116,19.532968721194617
3014005,927.0,Bhadrdri Kothagudem,28,29538.0,46105.0,568731.0,0.0,307.0,1054.9285714285713,0.640668040342696,19.254214909607963
3014009,927.0,Bhadrdri Kothagudem,28,35801.0,52269.0,695410.0,0.0,351.0,1278.607142857143,0.6849375346763856,19.42431775648725
3014013,927.0,Bhadrdri Kothagudem,28,26352.0,33046.0,497005.0,0.0,204.0,941.1428571428571,0.7974338800459965,18.860238312082576
3014014,927.0,Bhadrdri Kothagudem,28,32589.0,47644.0,639540.0,0.0,239.0,1163.892857142857,0.6840105784568886,19.624413145539908
3014015,927.0,Bhadrdri Kothagudem,28,29665.0,35526.0,553544.0,0.0,126.0,1059.4642857142858,0.8350222372347014,18.659834822181022
3014017,927.0,Bhadrdri Kothagudem,28,36390.0,42031.0,667212.0,0.0,93.0,1299.642857142857,0.8657895362946396,18.335037098103875
3014018,927.0,Bhadrdri Kothagudem,28,28266.0,33303.0,522095.0,0.0,206.0,1009.5,0.8487523646518331,18.470777612679544
3022020,927.0,Bhadrdri Kothagudem,28,30439.0,44868.0,539853.0,0.0,0.0,1087.107142857143,0.6784122314344299,17.735569499655046
3025001,927.0,Bhadrdri Kothagudem,28,27045.0,34614.0,501137.0,0.0,0.0,965.8928571428571,0.78133125325013,18.529746718432243
3027001,927.0,Bhadrdri Kothagudem,28,28073.0,45970.0,578605.0,0.0,592.0,1002.6071428571429,0.6106808788340222,20.61072917037723
3031017,927.0,Bhadrdri Kothagudem,28,28638.0,30475.0,517635.0,0.0,40.0,1022.7857142857143,0.939721082854799,18.075109993714644
3031022,927.0,Bhadrdri Kothagudem,28,27414.0,37741.0,527942.0,0.0,956.0,979.0714285714286,0.7263718502424419,19.258116290946234
3031028,927.0,Bhadrdri Kothagudem,28,27357.0,32983.0,507405.0,0.0,10.0,977.0357142857143,0.8294272807203711,18.547538107248602
3207020,929.0,Manchiryala,28,26603.0,44954.0,520652.0,0.0,147.0,950.1071428571429,0.5917827112159096,19.57117618313724
3210020,929.0,Manchiryala,28,37500.0,41361.0,734838.0,0.0,213.0,1339.2857142857142,0.9066511931529702,19.59568
3211001,929.0,Manchiryala,28,29541.0,34606.0,567413.0,0.0,89.0,1055.0357142857142,0.8536380974397504,19.207643613960258
3211015,929.0,Manchiryala,28,27526.0,30578.0,518295.0,0.0,30.0,983.0714285714286,0.9001896788540781,18.82928867252779
3211022,929.0,Manchiryala,28,26591.0,27202.0,525205.0,0.0,45.0,949.6785714285714,0.9775384162929196,19.751231619720958
3217001,929.0,Manchiryala,28,31728.0,24812.0,583098.0,0.0,91.0,1133.142857142857,1.2787360954376914,18.378025718608168
3217011,929.0,Manchiryala,28,27160.0,33201.0,471705.0,0.0,0.0,970.0,0.8180476491671937,17.367636229749632
3217014,929.0,Manchiryala,28,36802.0,42277.0,663388.0,0.0,0.0,1314.357142857143,0.8704969605222698,18.025868159339165
3301012,930.0,Medchal,28,35530.0,35069.0,824347.0,0.0,0.0,1268.9285714285713,1.0131455131312554,23.201435406698565
3301019,930.0,Medchal,28,32008.0,25606.0,684595.0,0.0,0.0,1143.142857142857,1.250019526673436,21.388246688327918
3301021,930.0,Medchal,28,29136.0,24337.0,631052.0,0.0,0.0,1040.5714285714287,1.1971894646012244,21.658841295991213
3301022,930.0,Medchal,28,38626.0,31778.0,818806.0,0.0,0.0,1379.5,1.2154949965384858,21.198312017811837
3301023,930.0,Medchal,28,26162.0,24585.0,576355.0,0.0,0.0,934.3571428571429,1.0641448037421193,22.030234691537345
3301034,930.0,Medchal,28,39703.0,28445.0,831843.0,0.0,0.0,1417.9642857142858,1.3957813323958517,20.951640933934463
3302003,930.0,Medchal,28,26869.0,24118.0,566217.0,53561.0,527.0,959.6071428571429,1.1140641844265693,21.073244259183447
3302006,930.0,Medchal,28,26681.0,30492.0,555165.0,50631.0,176.0,952.8928571428571,0.8750163977436705,20.807503466886548
3302007,930.0,Medchal,28,32600.0,29890.0,684162.0,21813.0,219.0,1164.2857142857142,1.090665774506524,20.986564417177913
3302010,930.0,Medchal,28,27803.0,21445.0,576802.0,49310.0,741.0,992.9642857142857,1.2964793658195384,20.74603460058267
3302014,930.0,Medchal,28,35473.0,30567.0,731698.0,68197.0,194.0,1266.892857142857,1.1604998854974318,20.626899331886225
3302015,930.0,Medchal,28,40606.0,46327.0,847372.0,82996.0,489.0,1450.2142857142858,0.8765082996956418,20.86814756439935
3302025,930.0,Medchal,28,28707.0,29595.0,590981.0,68472.0,506.0,1025.25,0.9699949315762798,20.586651339394574
3302026,930.0,Medchal,28,39729.0,43857.0,799507.0,91351.0,435.0,1418.892857142857,0.9058759149052603,20.124015203000326
3302029,930.0,Medchal,28,39499.0,32262.0,792576.0,72749.0,210.0,1410.6785714285713,1.2243196330047734,20.06572318286539
3302038,930.0,Medchal,28,28415.0,23903.0,591572.0,49933.0,235.0,1014.8214285714286,1.1887629167886875,20.81900404715819
3302040,930.0,Medchal,28,30045.0,19645.0,633705.0,45165.0,1166.0,1073.0357142857142,1.5293967930771188,21.091862206689964
3302042,930.0,Medchal,28,38416.0,28344.0,789291.0,64983.0,274.0,1372.0,1.3553485746542477,20.545892336526446
3302045,930.0,Medchal,28,36541.0,37927.0,787137.0,84180.0,1037.0,1305.0357142857142,0.9634561130592981,21.541200295558415
3302046,930.0,Medchal,28,26098.0,20945.0,531700.0,47059.0,767.0,932.0714285714286,1.2460253043685845,20.373208674994252
3302047,930.0,Medchal,28,26372.0,20095.0,543003.0,46510.0,520.0,941.8571428571429,1.3123662602637471,20.59013347489762
3302048,930.0,Medchal,28,48063.0,29479.0,977147.0,66665.0,697.0,1716.5357142857142,1.6304148716035143,20.330545325926387
3302050,930.0,Medchal,28,26978.0,29206.0,550097.0,62318.0,275.0,963.5,0.9237143052797371,20.390577507598785
3302056,930.0,Medchal,28,31686.0,21977.0,684898.0,50376.0,438.0,1131.642857142857,1.441780042771989,21.615161269961497
3302060,930.0,Medchal,28,26068.0,23349.0,520691.0,53905.0,103.0,931.0,1.1164503833140607,19.974336351081785
3302061,930.0,Medchal,28,42118.0,35848.0,857980.0,78579.0,266.0,1504.2142857142858,1.1749051550993082,20.370862813998766
3302062,930.0,Medchal,28,45266.0,35620.0,923700.0,49900.0,248.0,1616.642857142857,1.2708029197080293,20.40604427163876
3302064,930.0,Medchal,28,34660.0,22757.0,680276.0,56558.0,138.0,1237.857142857143,1.5230478534077427,19.627120600115408
3302065,930.0,Medchal,28,26517.0,29796.0,543071.0,61843.0,274.0,947.0357142857143,0.889951671365284,20.480107101104952
3302067,930.0,Medchal,28,32950.0,31342.0,694919.0,23016.0,207.0,1176.7857142857142,1.0513049582030503,21.0901062215478
3302074,930.0,Medchal,28,30728.0,31721.0,606001.0,10494.0,124.0,1097.4285714285713,0.9686958166514297,19.721459255402237
3302076,930.0,Medchal,28,33770.0,36374.0,672666.0,80052.0,709.0,1206.0714285714287,0.928410403035135,19.91904056855197
3302077,930.0,Medchal,28,29886.0,36991.0,624864.0,67953.0,1198.0,1067.357142857143,0.8079262523316483,20.90825135514957
3302078,930.0,Medchal,28,29754.0,33994.0,603441.0,55500.0,56.0,1062.642857142857,0.875272106842384,20.281004234724744
3302079,930.0,Medchal,28,26114.0,33362.0,551912.0,55495.0,390.0,932.6428571428571,0.7827468377195612,21.134717010032933
3302086,930.0,Medchal,28,42634.0,35421.0,865149.0,77312.0,269.0,1522.642857142857,1.2036362609751277,20.292466106863067
3302087,930.0,Medchal,28,40375.0,35697.0,834818.0,89007.0,1800.0,1441.9642857142858,1.131047426954646,20.67660681114551
3302088,930.0,Medchal,28,26144.0,37687.0,542492.0,15985.0,154.0,933.7142857142857,0.6937140127895561,20.75015299877601
3302090,930.0,Medchal,28,39623.0,36309.0,810306.0,51820.0,99.0,1415.107142857143,1.0912721363849183,20.450394972616916
3302092,930.0,Medchal,28,30246.0,35609.0,642767.0,64950.0,940.0,1080.2142857142858,0.8493920076385183,21.251305957812605
3302094,930.0,Medchal,28,33649.0,37833.0,682816.0,55115.0,249.0,1201.75,0.8894087172574208,20.29231180718595
3302095,930.0,Medchal,28,36022.0,24151.0,722331.0,67596.0,574.0,1286.5,1.4915324417208398,20.05249569707401
3302096,930.0,Medchal,28,39203.0,37972.0,839642.0,52860.0,731.0,1400.107142857143,1.0324186242494469,21.417799658189423
3302101,930.0,Medchal,28,30095.0,37514.0,611109.0,58350.0,439.0,1074.8214285714287,0.8022338327024577,20.30599767403223
3302103,930.0,Medchal,28,32661.0,32291.0,687977.0,40100.0,325.0,1166.4642857142858,1.0114583010746028,21.064174397599583
3302104,930.0,Medchal,28,47809.0,37057.0,933517.0,85540.0,183.0,1707.4642857142858,1.2901476104379739,19.52596791399109
3302105,930.0,Medchal,28,40975.0,29075.0,843523.0,87208.0,1526.0,1463.392857142857,1.409286328460877,20.58628431970714
3302111,930.0,Medchal,28,28123.0,24770.0,588044.0,48793.0,352.0,1004.3928571428571,1.1353653613241825,20.909718024392845
3302112,930.0,Medchal,28,40709.0,31321.0,838331.0,81154.0,1495.0,1453.892857142857,1.299735002075285,20.593259475791594
3302114,930.0,Medchal,28,41482.0,37176.0,837940.0,78203.0,907.0,1481.5,1.1158274155369055,20.200086784629477
3302121,930.0,Medchal,28,40117.0,35967.0,816848.0,94907.0,796.0,1432.75,1.1153835460283037,20.36164219657502
3302123,930.0,Medchal,28,27916.0,25360.0,566832.0,65889.0,596.0,997.0,1.1007886435331231,20.304914744232697
3302125,930.0,Medchal,28,39282.0,33026.0,832118.0,78359.0,505.0,1402.9285714285713,1.1894265124447405,21.18318822870526
3302127,930.0,Medchal,28,26401.0,24766.0,552580.0,56564.0,1307.0,942.8928571428571,1.0660179278042479,20.93026779288663
3302130,930.0,Medchal,28,33899.0,26295.0,687594.0,78655.0,431.0,1210.6785714285713,1.2891804525575203,20.283607186052684
3302131,930.0,Medchal,28,42981.0,30224.0,903919.0,90070.0,1279.0,1535.0357142857142,1.4220817893065114,21.030664712314742
3302135,930.0,Medchal,28,30886.0,31478.0,645413.0,60363.0,558.0,1103.0714285714287,0.9811932143084059,20.896619827753675
3302136,930.0,Medchal,28,27387.0,30513.0,595016.0,32600.0,881.0,978.1071428571429,0.8975518631403009,21.726220469565853
3302138,930.0,Medchal,28,29501.0,40874.0,619668.0,2700.0,230.0,1053.607142857143,0.7217546606644811,21.004982881936204
3302140,930.0,Medchal,28,26142.0,21445.0,525649.0,62668.0,858.0,933.6428571428571,1.2190254138493821,20.107451610435316
3302144,930.0,Medchal,28,34989.0,33488.0,714228.0,45780.0,464.0,1249.607142857143,1.0448220258002867,20.412929777930206
3302148,930.0,Medchal,28,31228.0,29700.0,626935.0,74322.0,245.0,1115.2857142857142,1.0514478114478114,20.07605354169335
3302164,930.0,Medchal,28,34168.0,40325.0,705300.0,77873.0,115.0,1220.2857142857142,0.847315561066336,20.64212128307188
3302196,930.0,Medchal,28,34187.0,25740.0,754294.0,83580.0,153.0,1220.9642857142858,1.3281662781662782,22.0637669289496
3302202,930.0,Medchal,28,42524.0,40220.0,927554.0,96994.0,212.0,1518.7142857142858,1.0572849328692193,21.81248236290095
3302206,930.0,Medchal,28,33064.0,28039.0,665596.0,78109.0,238.0,1180.857142857143,1.1792146652876352,20.13053472054198
3302223,930.0,Medchal,28,33938.0,39877.0,697040.0,84566.0,1172.0,1212.0714285714287,0.8510670311206961,20.53862926513053
3302224,930.0,Medchal,28,27992.0,23297.0,565887.0,52940.0,265.0,999.7142857142857,1.2015280937459758,20.216026007430695
3302225,930.0,Medchal,28,33202.0,28575.0,684468.0,66464.0,287.0,1185.7857142857142,1.1619247594050743,20.615264140714416
3302227,930.0,Medchal,28,28505.0,28548.0,586042.0,62236.0,1008.0,1018.0357142857143,0.9984937648872075,20.559270303455534
3302232,930.0,Medchal,28,40431.0,28535.0,805505.0,78338.0,252.0,1443.9642857142858,1.4168915367093045,19.922955158170712
3302235,930.0,Medchal,28,38928.0,31942.0,774140.0,69814.0,208.0,1390.2857142857142,1.2187089098991923,19.88645704891081
3302241,930.0,Medchal,28,33190.0,27173.0,663318.0,59343.0,342.0,1185.357142857143,1.221433040150149,19.985477553479964
3302242,930.0,Medchal,28,29008.0,26827.0,615296.0,64682.0,946.0,1036.0,1.081298691616655,21.211252068394927
3302243,930.0,Medchal,28,28101.0,27369.0,575423.0,62044.0,466.0,1003.6071428571429,1.0267455880740983,20.47695811536956
3306001,930.0,Medchal,28,34677.0,27165.0,751869.0,0.0,63.0,1238.4642857142858,1.2765323025952513,21.68206592265767
3306002,930.0,Medchal,28,34904.0,34820.0,741819.0,0.0,0.0,1246.5714285714287,1.0024124066628375,21.25312285124914
3306005,930.0,Medchal,28,54320.0,46232.0,1213939.0,0.0,0.0,1940.0,1.174943761896522,22.34791973490427
3306008,930.0,Medchal,28,30261.0,28845.0,639180.0,0.0,56.0,1080.75,1.049089963598544,21.122236542083872
3306009,930.0,Medchal,28,47581.0,41816.0,1005837.0,0.0,0.0,1699.3214285714287,1.1378658886550603,21.13946743448015
3306018,930.0,Medchal,28,32857.0,32085.0,689780.0,0.0,0.0,1173.4642857142858,1.0240610877357021,20.993395623459232
3307001,930.0,Medchal,28,40453.0,33451.0,844935.0,0.0,0.0,1444.75,1.2093210965292518,20.886831631770203
3307002,930.0,Medchal,28,30345.0,34179.0,614533.0,0.0,0.0,1083.75,0.887825857982972,20.251540616246498
3307004,930.0,Medchal,28,26785.0,24500.0,532976.0,0.0,0.0,956.6071428571429,1.0932653061224489,19.898301288034347
3307005,930.0,Medchal,28,26286.0,20055.0,544940.0,0.0,34.0,938.7857142857143,1.3106955871353778,20.731187704481474
3307011,930.0,Medchal,28,58676.0,44976.0,1233757.0,0.0,97.0,2095.5714285714284,1.3046069014585557,21.026603722135114
3310001,930.0,Medchal,28,42691.0,29576.0,899767.0,0.0,0.0,1524.6785714285713,1.443433865296186,21.07626900283432
3310002,930.0,Medchal,28,31127.0,24916.0,662155.0,0.0,0.0,1111.6785714285713,1.2492775726440841,21.272689305104894
3310007,930.0,Medchal,28,26412.0,26869.0,568311.0,0.0,0.0,943.2857142857143,0.9829915516022182,21.517151294865972
3310013,930.0,Medchal,28,36582.0,37227.0,783784.0,0.0,0.0,1306.5,0.9826738657426062,21.42540047017659
3310014,930.0,Medchal,28,58273.0,52856.0,1190905.0,0.0,0.0,2081.1785714285716,1.1024859996972907,20.436651622535308
3310015,930.0,Medchal,28,37618.0,30125.0,794289.0,0.0,0.0,1343.5,1.2487302904564315,21.114599393907174
3310016,930.0,Medchal,28,38696.0,36136.0,826745.0,0.0,0.0,1382.0,1.070843480185964,21.365128178623113
3310020,930.0,Medchal,28,31555.0,50009.0,705492.0,0.0,0.0,1126.9642857142858,0.6309864224439601,22.357534463634924
3310023,930.0,Medchal,28,46013.0,44666.0,936771.0,0.0,0.0,1643.3214285714287,1.0301571665248734,20.358833373177145
3312002,930.0,Medchal,6,5562.0,6168.0,119802.0,0.0,0.0,927.0,0.9017509727626459,21.53937432578209
3312004,930.0,Medchal,28,34611.0,33351.0,758699.0,0.0,105.0,1236.107142857143,1.0377799766123954,21.92074773915807
3312007,930.0,Medchal,28,46394.0,52530.0,1012465.0,0.0,0.0,1656.9285714285713,0.8831905577765087,21.823188343320258
3312009,930.0,Medchal,28,38668.0,42186.0,857271.0,0.0,0.0,1381.0,0.9166074053003366,22.17003724009517
3312022,930.0,Medchal,28,46145.0,42436.0,971978.0,0.0,168.0,1648.0357142857142,1.0874022056744275,21.063560515765523
3312025,930.0,Medchal,28,58100.0,67060.0,1283398.0,0.0,528.0,2075.0,0.8663883089770354,22.08946643717728
3313004,930.0,Medchal,28,39296.0,24360.0,849135.0,0.0,2674.0,1403.4285714285713,1.613136288998358,21.608687907166125
3313005,930.0,Medchal,28,26737.0,27343.0,568682.0,0.0,1483.0,954.8928571428571,0.9778371063892038,21.269476755058534
3313013,930.0,Medchal,28,38858.0,32753.0,844834.0,0.0,79.0,1387.7857142857142,1.1863951393765457,21.741571877090948
3313017,930.0,Medchal,28,39999.0,31883.0,841501.0,0.0,184.0,1428.5357142857142,1.2545557193488692,21.03805095127378
3313024,930.0,Medchal,28,26804.0,21301.0,573348.0,0.0,106.0,957.2857142857143,1.2583446786535843,21.390389494105357
3313026,930.0,Medchal,28,45977.0,40144.0,905744.0,0.0,0.0,1642.0357142857142,1.145301913112794,19.699936924984232
3313027,930.0,Medchal,28,26910.0,24107.0,577488.0,0.0,1704.0,961.0714285714286,1.1162732816194467,21.459977703455966
3314001,930.0,Medchal,28,43247.0,34875.0,882955.0,0.0,0.0,1544.5357142857142,1.240057347670251,20.416560686290378
3314002,930.0,Medchal,28,48405.0,37272.0,999146.0,0.0,26.0,1728.75,1.2986960721184804,20.641380022724924
3314003,930.0,Medchal,28,57866.0,43304.0,1207994.0,0.0,0.0,2066.6428571428573,1.3362737853316091,20.87571285383472
3314004,930.0,Medchal,28,106012.0,71215.0,2114413.0,0.0,0.0,3786.1428571428573,1.4886189707224602,19.945034524393463
3314005,930.0,Medchal,28,160979.0,149265.0,3339137.0,0.0,0.0,5749.25,1.0784778749204436,20.742686934320627
3314006,930.0,Medchal,28,144607.0,107715.0,2994228.0,0.0,0.0,5164.535714285715,1.3424964025437498,20.705968590732123
3314007,930.0,Medchal,28,57146.0,40278.0,1185760.0,0.0,0.0,2040.9285714285713,1.4187894135756491,20.749658768767716
3314008,930.0,Medchal,28,38722.0,28970.0,787949.0,0.0,0.0,1382.9285714285713,1.3366240938902312,20.348871442590774
3314009,930.0,Medchal,28,48229.0,35292.0,982572.0,0.0,0.0,1722.4642857142858,1.3665703275529866,20.373053556988534
3316006,930.0,Medchal,28,37947.0,32231.0,851114.0,0.0,86.0,1355.25,1.1773447922807234,22.429019421825178
3316009,930.0,Medchal,28,34273.0,30659.0,719784.0,0.0,0.0,1224.0357142857142,1.1178772954108092,21.001488051819216
3316011,930.0,Medchal,28,29430.0,29113.0,638158.0,0.0,0.0,1051.0714285714287,1.010888606464466,21.68392796466191
3316012,930.0,Medchal,28,39087.0,38161.0,822109.0,0.0,0.0,1395.9642857142858,1.0242656114881685,21.03279862870008
3316013,930.0,Medchal,28,41246.0,42481.0,882430.0,0.0,0.0,1473.0714285714287,0.9709281796567878,21.394317024681182
3316014,930.0,Medchal,28,36854.0,34684.0,768480.0,0.0,0.0,1316.2142857142858,1.0625648714104485,20.852010636565907
3316015,930.0,Medchal,28,36047.0,34861.0,738364.0,0.0,0.0,1287.392857142857,1.0340208255643843,20.483368935001526
3317001,930.0,Medchal,22,20933.0,24693.0,481369.0,0.0,0.0,951.5,0.8477301259466246,22.99570056848039
3384001,930.0,Medchal,28,32614.0,38684.0,670512.0,82275.0,814.0,1164.7857142857142,0.8430875814290146,20.559023732139572
3384003,930.0,Medchal,28,26345.0,38215.0,533903.0,74639.0,522.0,940.8928571428571,0.6893889833834882,20.265818940975517
3384004,930.0,Medchal,28,32300.0,30561.0,630642.0,67826.0,226.0,1153.5714285714287,1.0569025882660907,19.52452012383901
3384005,930.0,Medchal,28,28287.0,36755.0,579670.0,78867.0,409.0,1010.25,0.7696095769283091,20.492452363276417
3384006,930.0,Medchal,28,33929.0,37352.0,725190.0,65410.0,1074.0,1211.75,0.9083583208395802,21.373751068407557
3384008,930.0,Medchal,28,32426.0,30260.0,656616.0,74453.0,665.0,1158.0714285714287,1.0715796430931923,20.249676185776845
3384019,930.0,Medchal,28,26075.0,26084.0,587656.0,56453.0,711.0,931.25,0.9996549608955682,22.537142857142857
3384020,930.0,Medchal,28,27025.0,37354.0,635017.0,76397.0,177.0,965.1785714285714,0.723483428816191,23.497391304347826
3384023,930.0,Medchal,28,26857.0,31871.0,677582.0,68016.0,507.0,959.1785714285714,0.842678296884315,25.22925121942138
3384035,930.0,Medchal,28,31417.0,35424.0,653753.0,81265.0,387.0,1122.0357142857142,0.8868845980126467,20.808893274341916
3384042,930.0,Medchal,28,35172.0,30433.0,750399.0,64300.0,0.0,1256.142857142857,1.1557191206913549,21.335124530876833
3384053,930.0,Medchal,28,31108.0,39163.0,687325.0,87408.0,282.0,1111.0,0.7943211704925568,22.094798765590845
3384054,930.0,Medchal,28,28082.0,22795.0,617287.0,57495.0,108.0,1002.9285714285714,1.2319368282518095,21.98158963036821
3384065,930.0,Medchal,28,28184.0,30147.0,640156.0,27600.0,721.0,1006.5714285714286,0.9348857266062958,22.71345444223673
3384066,930.0,Medchal,28,28201.0,27339.0,589287.0,66760.0,736.0,1007.1785714285714,1.0315300486484509,20.895961136129923
3384070,930.0,Medchal,28,32912.0,32917.0,744965.0,70758.0,449.0,1175.4285714285713,0.9998481028040223,22.635057122022364
3384071,930.0,Medchal,28,37227.0,29423.0,837014.0,67811.0,693.0,1329.5357142857142,1.2652346803521055,22.48405727026083
3384074,930.0,Medchal,28,35584.0,31034.0,777513.0,69621.0,641.0,1270.857142857143,1.146613391763872,21.850073066546763
3384075,930.0,Medchal,28,30441.0,32165.0,685498.0,68505.0,338.0,1087.1785714285713,0.9464013679465257,22.51890542360632
3384077,930.0,Medchal,28,28727.0,30955.0,591121.0,47220.0,348.0,1025.9642857142858,0.9280245517686965,20.577192188533434
3384086,930.0,Medchal,28,29949.0,25213.0,669648.0,62173.0,1566.0,1069.607142857143,1.1878396065521755,22.35961133927677
3384088,930.0,Medchal,28,31320.0,30733.0,669144.0,74863.0,254.0,1118.5714285714287,1.0190999902385058,21.364750957854405
3384089,930.0,Medchal,28,36561.0,32670.0,746878.0,70040.0,265.0,1305.75,1.1191000918273646,20.42827056152731
3384090,930.0,Medchal,28,29517.0,25627.0,630060.0,61031.0,855.0,1054.1785714285713,1.151793030787841,21.34566520987905
3384102,930.0,Medchal,28,34858.0,29512.0,712977.0,67200.0,91.0,1244.9285714285713,1.1811466522092708,20.453755235526994
3384108,930.0,Medchal,28,27315.0,21133.0,573283.0,49850.0,253.0,975.5357142857143,1.292528273316614,20.98784550613216
3384109,930.0,Medchal,28,29967.0,28138.0,632310.0,9700.0,387.0,1070.25,1.0650010661738574,21.10021023125438
3384111,930.0,Medchal,28,30132.0,28035.0,638199.0,40713.0,193.0,1076.142857142857,1.0747993579454254,21.18010752688172
3384112,930.0,Medchal,28,30448.0,28874.0,621242.0,53700.0,81.0,1087.4285714285713,1.0545127103968968,20.403376248029428
3384113,930.0,Medchal,28,34780.0,29123.0,767930.0,58185.0,289.0,1242.142857142857,1.1942450983758541,22.079643473260493
3384114,930.0,Medchal,28,44313.0,47728.0,899491.0,113366.0,151.0,1582.607142857143,0.9284487093530004,20.29858055198249
3384115,930.0,Medchal,28,39930.0,40018.0,861027.0,40480.0,267.0,1426.0714285714287,0.9978009895547004,21.56341096919609
3384116,930.0,Medchal,28,44503.0,34199.0,944764.0,64050.0,356.0,1589.392857142857,1.301295359513436,21.22922050198863
3384117,930.0,Medchal,28,44607.0,34566.0,917737.0,89042.0,1197.0,1593.107142857143,1.2904877625412254,20.573833703230434
3384118,930.0,Medchal,28,27565.0,29049.0,579762.0,52960.0,332.0,984.4642857142857,0.9489139040930841,21.032541266098313
3384119,930.0,Medchal,28,32084.0,28209.0,701524.0,65317.0,283.0,1145.857142857143,1.1373675068240632,21.865228774467024
3384120,930.0,Medchal,28,50712.0,36930.0,1086891.0,82480.0,584.0,1811.142857142857,1.3731925264012999,21.432619498343588
3384123,930.0,Medchal,28,50390.0,40048.0,1073642.0,112154.0,1760.0,1799.642857142857,1.2582401118657611,21.306648144473108
3384125,930.0,Medchal,28,30820.0,29704.0,670073.0,53795.0,574.0,1100.7142857142858,1.0375706975491517,21.7414990266061
3384126,930.0,Medchal,28,37453.0,36404.0,822863.0,92195.0,414.0,1337.607142857143,1.0288155147785958,21.970549755693803
3384127,930.0,Medchal,28,26996.0,29009.0,582998.0,61200.0,907.0,964.1428571428571,0.9306077424247647,21.595717884130984
3384129,930.0,Medchal,28,37157.0,34561.0,825733.0,94003.0,1323.0,1327.0357142857142,1.0751135673157606,22.222811314153457
3384131,930.0,Medchal,28,32612.0,33299.0,692996.0,81956.0,783.0,1164.7142857142858,0.9793687498123067,21.249724027965165
3384132,930.0,Medchal,28,38622.0,37343.0,804951.0,94368.0,447.0,1379.357142857143,1.0342500602522562,20.841774118378126
3384133,930.0,Medchal,28,46414.0,42512.0,956927.0,98200.0,635.0,1657.642857142857,1.091785848701543,20.61720601542638
3384134,930.0,Medchal,28,29491.0,29201.0,613761.0,48701.0,397.0,1053.25,1.009931166740865,20.81180699196365
3384136,930.0,Medchal,27,33916.0,35177.0,732569.0,79416.0,709.0,1256.148148148148,0.9641527134207011,21.599510555490035
3384137,930.0,Medchal,28,31903.0,35968.0,680297.0,79180.0,171.0,1139.392857142857,0.8869828736654805,21.323919380622513
3384143,930.0,Medchal,28,30865.0,36100.0,685160.0,90714.0,433.0,1102.3214285714287,0.8549861495844875,22.198606836222257
3384145,930.0,Medchal,28,30633.0,36108.0,673232.0,80287.0,571.0,1094.0357142857142,0.8483715520106347,21.97734469363105
3384152,930.0,Medchal,28,34120.0,34274.0,712071.0,80008.0,345.0,1218.5714285714287,0.9955067981560366,20.869607268464243
3384156,930.0,Medchal,28,38758.0,37805.0,802047.0,95856.0,955.0,1384.2142857142858,1.0252083057796588,20.693714845967285
3384157,930.0,Medchal,28,39773.0,44889.0,882025.0,70000.0,406.0,1420.4642857142858,0.8860299850742944,22.176476504161116
3384160,930.0,Medchal,28,31646.0,27993.0,692863.0,79477.0,624.0,1130.2142857142858,1.1304969099417712,21.894173039246667
3384161,930.0,Medchal,28,34307.0,36347.0,698347.0,69505.0,884.0,1225.25,0.9438743225025449,20.355816597195908
3384162,930.0,Medchal,28,29164.0,23969.0,648430.0,69706.0,1157.0,1041.5714285714287,1.2167382869539822,22.233918529694144
3384164,930.0,Medchal,28,28181.0,27637.0,580155.0,68196.0,375.0,1006.4642857142857,1.0196837572819046,20.58674284092119
3384165,930.0,Medchal,28,32740.0,34098.0,652828.0,64500.0,376.0,1169.2857142857142,0.9601736172209514,19.939767868051312
3384175,930.0,Medchal,28,31094.0,30551.0,656067.0,73422.0,766.0,1110.5,1.0177735589669732,21.099472567054736
3384179,930.0,Medchal,28,36987.0,33536.0,786804.0,78922.0,929.0,1320.9642857142858,1.1029043416030535,21.272447075999676
3384180,930.0,Medchal,28,27592.0,25481.0,567880.0,62830.0,557.0,985.4285714285714,1.0828460421490522,20.581327921136563
3384181,930.0,Medchal,28,34200.0,30885.0,746250.0,79868.0,1015.0,1221.4285714285713,1.1073336571151045,21.82017543859649
3384182,930.0,Medchal,28,26159.0,31052.0,560555.0,68884.0,480.0,934.25,0.8424256086564472,21.428762567376427
3384186,930.0,Medchal,28,34080.0,28942.0,714608.0,73606.0,380.0,1217.142857142857,1.1775274687305646,20.968544600938966
3384189,930.0,Medchal,28,42805.0,35529.0,915216.0,96263.0,670.0,1528.75,1.2047904528694868,21.381053615231867
3384190,930.0,Medchal,28,38058.0,37257.0,788673.0,79534.0,533.0,1359.2142857142858,1.0214993155648604,20.72292290714173
3384191,930.0,Medchal,28,36135.0,50277.0,716275.0,88267.0,122.0,1290.5357142857142,0.7187183006145952,19.822194548221944
3384194,930.0,Medchal,28,35707.0,38805.0,758746.0,68971.0,189.0,1275.25,0.9201649272001031,21.24922284145966
3384195,930.0,Medchal,28,34900.0,34067.0,737228.0,74375.0,203.0,1246.4285714285713,1.0244518155399653,21.12401146131805
3384198,930.0,Medchal,28,40334.0,38285.0,873193.0,89387.0,1097.0,1440.5,1.0535196552174482,21.649055387514256
3384199,930.0,Medchal,28,36575.0,41494.0,763488.0,86285.0,510.0,1306.25,0.8814527401552031,20.874586466165415
3384200,930.0,Medchal,28,31600.0,32297.0,691710.0,74681.0,695.0,1128.5714285714287,0.978419048208812,21.889556962025317
3384203,930.0,Medchal,28,39505.0,28301.0,789307.0,75203.0,327.0,1410.892857142857,1.3958870711282287,19.97992659157069
3384204,930.0,Medchal,28,29326.0,31248.0,624364.0,65001.0,374.0,1047.357142857143,0.9384920634920635,21.290458978380958
3384205,930.0,Medchal,28,44806.0,37764.0,908516.0,97387.0,730.0,1600.2142857142858,1.1864738904777037,20.276659375976433
3384206,930.0,Medchal,28,37680.0,33552.0,770298.0,83595.0,561.0,1345.7142857142858,1.1230329041487839,20.443152866242038
3384208,930.0,Medchal,28,42583.0,48345.0,864801.0,104455.0,239.0,1520.8214285714287,0.8808149756955218,20.308597327572034
3384209,930.0,Medchal,28,42984.0,37188.0,908384.0,94433.0,795.0,1535.142857142857,1.1558567279767666,21.133072771263727
3384213,930.0,Medchal,28,26411.0,30455.0,536457.0,55344.0,409.0,943.25,0.8672139221802659,20.31187762674643
3384214,930.0,Medchal,28,27323.0,25824.0,562248.0,60311.0,332.0,975.8214285714286,1.0580467781908303,20.577828203345167
3384217,930.0,Medchal,28,38026.0,42630.0,754039.0,68655.0,116.0,1358.0714285714287,0.8920009383063571,19.829563982538264
3384218,930.0,Medchal,28,30796.0,38725.0,635885.0,35995.0,386.0,1099.857142857143,0.7952485474499678,20.64829848032212
3384219,930.0,Medchal,28,27180.0,34090.0,572681.0,52368.0,661.0,970.7142857142857,0.7973012613669698,21.069941133186166
3384221,930.0,Medchal,28,27072.0,26105.0,571169.0,56897.0,985.0,966.8571428571429,1.0370427121241141,21.098145685579198
3384222,930.0,Medchal,28,29768.0,27915.0,618621.0,73355.0,498.0,1063.142857142857,1.0663800823929788,20.781409567320612
3384223,930.0,Medchal,28,30873.0,34822.0,672328.0,70310.0,620.0,1102.607142857143,0.886594681523175,21.77721633790043
3384224,930.0,Medchal,28,26531.0,25216.0,506298.0,47933.0,294.0,947.5357142857143,1.05214942893401,19.083261090799443
3501029,932.0,Nirmal,28,31507.0,24570.0,656840.0,0.0,0.0,1125.25,1.2823361823361823,20.847430729679118
3501039,932.0,Nirmal,28,30130.0,22159.0,672969.0,0.0,0.0,1076.0714285714287,1.3597183988447132,22.335512777962165
3501047,932.0,Nirmal,28,29088.0,29943.0,591005.0,0.0,0.0,1038.857142857143,0.9714457469191464,20.317828657865785
3509015,932.0,Nirmal,28,29640.0,39455.0,571728.0,0.0,0.0,1058.5714285714287,0.7512355848434926,19.28906882591093
3511007,932.0,Nirmal,28,27650.0,33030.0,536284.0,0.0,0.0,987.5,0.8371177717226763,19.395443037974683
3511008,932.0,Nirmal,28,26753.0,31049.0,499521.0,0.0,0.0,955.4642857142857,0.8616380559760379,18.671588233095353
3513024,932.0,Nirmal,28,26223.0,25234.0,492557.0,600.0,0.0,936.5357142857143,1.039193152096378,18.78339625519582
3516001,932.0,Nirmal,28,28676.0,33919.0,602320.0,0.0,0.0,1024.142857142857,0.8454258675078864,21.0043241735249
3520001,932.0,Nirmal,28,27110.0,31603.0,531410.0,0.0,0.0,968.2142857142857,0.8578299528525772,19.601991884913318
3520002,932.0,Nirmal,28,32033.0,35809.0,626363.0,0.0,0.0,1144.0357142857142,0.894551649026781,19.55367901851216
3520005,932.0,Nirmal,28,29538.0,32992.0,568104.0,0.0,0.0,1054.9285714285713,0.895307953443259,19.23298801543774
3609011,933.0,Peddapalli,28,35283.0,39038.0,682898.0,0.0,0.0,1260.107142857143,0.9038116706798504,19.354873451803986
3612019,933.0,Peddapalli,28,37556.0,41159.0,715312.0,0.0,0.0,1341.2857142857142,0.9124614300638986,19.046543827883692
3702005,934.0,Sangareddy,28,35629.0,21311.0,745309.0,0.0,0.0,1272.4642857142858,1.6718596030219135,20.918605630245025
3702010,934.0,Sangareddy,28,47368.0,33205.0,992756.0,0.0,0.0,1691.7142857142858,1.4265321487727751,20.95836851883128
3702012,934.0,Sangareddy,28,41002.0,29462.0,865507.0,0.0,0.0,1464.357142857143,1.3916909917860294,21.108897126969417
3710001,934.0,Sangareddy,28,26531.0,31069.0,618844.0,0.0,0.0,947.5357142857143,0.8539380089478258,23.325317553051146
3719023,934.0,Sangareddy,28,26534.0,23406.0,558747.0,0.0,0.0,947.6428571428571,1.1336409467657866,21.057774930278132
3719035,934.0,Sangareddy,28,39119.0,23443.0,848842.0,0.0,0.0,1397.107142857143,1.6686857484110396,21.69896981006672
3719040,934.0,Sangareddy,28,26841.0,21867.0,565963.0,0.0,0.0,958.6071428571429,1.227466044724928,21.085764315785553
3719043,934.0,Sangareddy,28,26588.0,19731.0,589677.0,0.0,0.0,949.5714285714286,1.3475242004966803,22.17831352489845
3719047,934.0,Sangareddy,28,28861.0,21312.0,608126.0,0.0,0.0,1030.75,1.3542135885885886,21.07085686566647
3722002,934.0,Sangareddy,28,28831.0,23015.0,624341.0,0.0,0.0,1029.6785714285713,1.252704757766674,21.655197530435988
3722006,934.0,Sangareddy,28,26730.0,17642.0,575056.0,0.0,0.0,954.6428571428571,1.515134338510373,21.513505424616536
3722031,934.0,Sangareddy,28,27659.0,18302.0,574588.0,0.0,0.0,987.8214285714286,1.5112556004808217,20.773997613796595
3723035,934.0,Sangareddy,28,29584.0,23769.0,632721.0,0.0,0.0,1056.5714285714287,1.2446463881526357,21.38727014602488
3723044,934.0,Sangareddy,28,28227.0,24386.0,616640.0,0.0,0.0,1008.1071428571429,1.1575084064627246,21.84575052254933
3723050,934.0,Sangareddy,28,31223.0,23766.0,672994.0,0.0,0.0,1115.107142857143,1.313767567112682,21.554431028408544
3724035,934.0,Sangareddy,28,41333.0,25928.0,853545.0,0.0,0.0,1476.1785714285713,1.5941453255168159,20.650448793941887
3727010,934.0,Sangareddy,28,43502.0,44745.0,899597.0,0.0,0.0,1553.642857142857,0.9722203598167393,20.679440025745944
3727015,934.0,Sangareddy,28,38142.0,45414.0,887264.0,0.0,0.0,1362.2142857142858,0.8398731668648435,23.26212574065335
3727044,934.0,Sangareddy,28,29204.0,35418.0,665132.0,0.0,0.0,1043.0,0.8245524874357671,22.77537323654294
3727050,934.0,Sangareddy,28,29004.0,29949.0,681835.0,0.0,0.0,1035.857142857143,0.968446358809977,23.508309198731208
3727051,934.0,Sangareddy,28,28959.0,31195.0,687595.0,0.0,0.0,1034.25,0.9283218464497516,23.743741151282848
3727052,934.0,Sangareddy,28,29631.0,34260.0,665261.0,0.0,0.0,1058.25,0.8648861646234676,22.45152036718302
3803040,935.0,Siddipet,28,26476.0,26788.0,549654.0,12503.0,122.0,945.5714285714286,0.9883529938778558,20.76046230548421
3811004,935.0,Siddipet,28,35981.0,41112.0,697808.0,0.0,477.0,1285.0357142857142,0.8751945903872349,19.393791167560657
3908011,936.0,Rajanna Siricilla,28,26129.0,18991.0,569602.0,0.0,3549.0,933.1785714285714,1.3758622505397293,21.79960962914769
3911009,936.0,Rajanna Siricilla,28,27896.0,20923.0,543406.0,0.0,154.0,996.2857142857143,1.3332696076088515,19.479710352738746
3911019,936.0,Rajanna Siricilla,28,26351.0,18966.0,511563.0,0.0,77.0,941.1071428571429,1.3893809975746072,19.41341884558461
3911021,936.0,Rajanna Siricilla,28,26823.0,21967.0,518907.0,0.0,560.0,957.9642857142857,1.221058861018801,19.3455989262946
4008005,937.0,Suryapet,28,26399.0,24032.0,503741.0,0.0,53.0,942.8214285714286,1.0984936750998668,19.081821281109132
4008024,937.0,Suryapet,28,31082.0,24966.0,600892.0,0.0,52.0,1110.0714285714287,1.2449731635023633,19.33247538768419
4018054,937.0,Suryapet,28,26177.0,26035.0,536864.0,0.0,272.0,934.8928571428571,1.0054541962742463,20.508996447262863
4018055,937.0,Suryapet,28,27103.0,24109.0,555549.0,0.0,60.0,967.9642857142857,1.1241859886349497,20.497693982215992
4101001,938.0,Vikarabad,28,32602.0,39762.0,764891.0,0.0,0.0,1164.357142857143,0.8199285750213772,23.46147475614993
4113037,938.0,Vikarabad,28,28629.0,35056.0,627598.0,0.0,0.0,1022.4642857142857,0.8166647649475125,21.921757658318487
4116014,938.0,Vikarabad,28,41548.0,58996.0,917496.0,0.0,0.0,1483.857142857143,0.7042511356702149,22.082795802445364
4116042,938.0,Vikarabad,28,36455.0,40071.0,796027.0,0.0,0.0,1301.9642857142858,0.9097601756881535,21.83587985187217
4116048,938.0,Vikarabad,28,26987.0,28412.0,580635.0,0.0,0.0,963.8214285714286,0.9498451358580882,21.515359247044874
4116049,938.0,Vikarabad,28,27341.0,29716.0,598302.0,0.0,0.0,976.4642857142857,0.920076726342711,21.882959657656997
4209002,939.0,Wanaparthy,28,42455.0,49319.0,897285.0,0.0,0.0,1516.25,0.8608244287191549,21.134966435048874
4209003,939.0,Wanaparthy,28,46531.0,53747.0,1010102.0,0.0,0.0,1661.8214285714287,0.8657413437029043,21.708151554877393
4213009,939.0,Wanaparthy,28,33582.0,43180.0,705037.0,0.0,0.0,1199.357142857143,0.7777211672070403,20.994491096420703
4213014,939.0,Wanaparthy,28,26131.0,27748.0,540996.0,0.0,0.0,933.25,0.9417255297679112,20.7032260533466
4213020,939.0,Wanaparthy,28,35442.0,31585.0,727021.0,0.0,0.0,1265.7857142857142,1.1221149279721387,20.51297895152644
4317082,940.0,Warangal,28,26971.0,31538.0,534630.0,0.0,0.0,963.25,0.8551905637643478,19.822401839012272
4318030,940.0,Warangal,28,30208.0,35117.0,614135.0,0.0,0.0,1078.857142857143,0.8602101546259646,20.33021054025424
4407043,941.0,Yadadri Bhuvanagiri,28,27144.0,17009.0,537830.0,0.0,0.0,969.4285714285714,1.5958610147568935,19.813955201886237
4505005,981.0,Mulugu,28,26193.0,26690.0,506223.0,0.0,0.0,935.4642857142857,0.9813787935556388,19.326652158973772
4509002,981.0,Mulugu,28,29246.0,33241.0,499774.0,0.0,0.0,1044.5,0.8798170933485756,17.088627504616017
